Month_Start,Sales_Rep_ID,Monthly_Sales_Target_INR,Monthly_GP_Target_INR,Units_Target,Sales_Rep,Region,Rep_Tenure
2024-01-01,REP001,5972000,3965000,59,Riya Nair,North,4+ years
2024-01-01,REP002,5917000,3513000,53,Sneha Singh,North,4+ years
2024-01-01,REP003,6262000,2495000,42,Vikram Menon,North,1-2 years
2024-01-01,REP004,2764000,927000,29,Riya Iyer,North,2-4 years
2024-01-01,REP005,1425000,483000,17,Arjun Joshi,North,<1 year
2024-01-01,REP006,4985000,2309000,53,Sneha Reddy,North,2-4 years
2024-01-01,REP007,4400000,2681000,34,Vikram Sharma,North,2-4 years
2024-01-01,REP008,3608000,1372000,31,Tanya Patel,North,1-2 years
2024-01-01,REP009,3273000,1965000,25,Ananya Iyer,North,1-2 years
2024-01-01,REP010,1227000,651000,12,Shreya Malhotra,North,1-2 years
2024-01-01,REP011,3367000,2073000,31,Naina Singh,North,4+ years
2024-01-01,REP012,4289000,2489000,32,Vivaan Singh,North,<1 year
2024-01-01,REP013,2174000,1477000,16,Tanya Menon,North,4+ years
2024-01-01,REP014,3100000,1441000,35,Ishaan Sharma,North,4+ years
2024-01-01,REP015,2958000,1122000,30,Vivaan Mehta,North,4+ years
2024-01-01,REP016,3060000,1404000,38,Meera Menon,South,1-2 years
2024-01-01,REP017,2164000,818000,37,Rohan Malhotra,South,<1 year
2024-01-01,REP018,2753000,994000,27,Pooja Menon,South,2-4 years
2024-01-01,REP019,5960000,2831000,30,Aarav Kapoor,South,4+ years
2024-01-01,REP020,1379000,618000,10,Ananya Reddy,South,1-2 years
2024-01-01,REP021,2037000,693000,32,Rohan Verma,South,2-4 years
2024-01-01,REP022,3479000,2161000,26,Rohan Kapoor,South,<1 year
2024-01-01,REP023,965000,343000,7,Naina Iyer,South,2-4 years
2024-01-01,REP024,3690000,2669000,33,Riya Joshi,South,<1 year
2024-01-01,REP025,1541000,804000,26,Meera Bose,South,2-4 years
2024-01-01,REP026,6076000,2685000,49,Shreya Reddy,South,2-4 years
2024-01-01,REP027,4882000,3809000,26,Meera Malhotra,South,<1 year
2024-01-01,REP028,3949000,1434000,43,Kabir Nair,South,1-2 years
2024-01-01,REP029,2380000,787000,27,Pooja Malhotra,South,<1 year
2024-01-01,REP030,7628000,3677000,72,Pooja Sharma,South,2-4 years
2024-01-01,REP031,3876000,1838000,39,Sanjay Singh,West,4+ years
2024-01-01,REP032,250000,70000,5,Vivaan Gupta,West,4+ years
2024-01-01,REP033,3811000,2240000,20,Meera Nair,West,4+ years
2024-01-01,REP034,5516000,2252000,64,Aditya Rao,West,2-4 years
2024-01-01,REP035,2288000,1282000,30,Ishaan Mehta,West,4+ years
2024-01-01,REP036,5792000,3263000,67,Aditya Verma,West,4+ years
2024-01-01,REP037,6233000,3267000,52,Riya Bose,West,2-4 years
2024-01-01,REP038,2170000,1137000,16,Arjun Rao,West,1-2 years
2024-01-01,REP039,1880000,411000,20,Arjun Kapoor,West,1-2 years
2024-01-01,REP040,6062000,3450000,39,Meera Gupta,West,2-4 years
2024-01-01,REP041,5614000,2441000,64,Pooja Nair,West,4+ years
2024-01-01,REP042,5234000,2463000,53,Ishaan Iyer,West,<1 year
2024-01-01,REP043,3866000,1923000,49,Ishaan Reddy,West,1-2 years
2024-01-01,REP044,4073000,2067000,60,Shreya Rao,West,4+ years
2024-01-01,REP045,7655000,3658000,62,Aarav Mehta,West,2-4 years
2024-01-01,REP046,5079000,1788000,75,Ananya Malhotra,East,<1 year
2024-01-01,REP047,1506000,438000,10,Riya Reddy,East,<1 year
2024-01-01,REP048,6941000,3718000,51,Sanjay Rao,East,1-2 years
2024-01-01,REP049,1376000,571000,10,Sanjay Joshi,East,1-2 years
2024-01-01,REP050,3078000,1787000,31,Ananya Nair,East,2-4 years
2024-01-01,REP051,2677000,1214000,19,Shreya Sharma,East,4+ years
2024-01-01,REP052,1742000,685000,20,Shreya Kapoor,East,<1 year
2024-01-01,REP053,1386000,373000,18,Naina Gupta,East,<1 year
2024-01-01,REP054,639000,516000,5,Vivaan Bose,East,4+ years
2024-01-01,REP055,2052000,990000,19,Naina Kapoor,East,4+ years
2024-01-01,REP056,6533000,3691000,51,Sneha Malhotra,East,4+ years
2024-01-01,REP057,250000,167000,5,Tanya Nair,East,4+ years
2024-01-01,REP058,250000,90000,5,Tanya Reddy,East,2-4 years
2024-01-01,REP059,430000,149000,12,Ananya Patel,East,4+ years
2024-01-01,REP060,2265000,800000,11,Ishaan Joshi,East,1-2 years
2024-02-01,REP001,4132000,1624000,57,Riya Nair,North,4+ years
2024-02-01,REP002,4512000,2627000,54,Sneha Singh,North,4+ years
2024-02-01,REP003,5562000,2288000,69,Vikram Menon,North,1-2 years
2024-02-01,REP004,1703000,1066000,17,Riya Iyer,North,2-4 years
2024-02-01,REP005,6433000,2700000,48,Arjun Joshi,North,<1 year
2024-02-01,REP006,4457000,2013000,40,Sneha Reddy,North,2-4 years
2024-02-01,REP007,1765000,566000,20,Vikram Sharma,North,2-4 years
2024-02-01,REP008,1276000,493000,10,Tanya Patel,North,1-2 years
2024-02-01,REP009,3061000,771000,14,Ananya Iyer,North,1-2 years
2024-02-01,REP010,2894000,1186000,20,Shreya Malhotra,North,1-2 years
2024-02-01,REP011,6660000,3672000,52,Naina Singh,North,4+ years
2024-02-01,REP012,2466000,908000,38,Vivaan Singh,North,<1 year
2024-02-01,REP013,3601000,2348000,24,Tanya Menon,North,4+ years
2024-02-01,REP014,3194000,2294000,36,Ishaan Sharma,North,4+ years
2024-02-01,REP015,1904000,970000,18,Vivaan Mehta,North,4+ years
2024-02-01,REP016,5001000,866000,76,Meera Menon,South,1-2 years
2024-02-01,REP017,2274000,1333000,20,Rohan Malhotra,South,<1 year
2024-02-01,REP018,2622000,1037000,19,Pooja Menon,South,2-4 years
2024-02-01,REP019,3537000,2038000,23,Aarav Kapoor,South,4+ years
2024-02-01,REP020,3260000,1869000,52,Ananya Reddy,South,1-2 years
2024-02-01,REP021,7787000,3538000,72,Rohan Verma,South,2-4 years
2024-02-01,REP022,5772000,3023000,51,Rohan Kapoor,South,<1 year
2024-02-01,REP023,8037000,3997000,83,Naina Iyer,South,2-4 years
2024-02-01,REP024,998000,547000,8,Riya Joshi,South,<1 year
2024-02-01,REP025,2515000,919000,27,Meera Bose,South,2-4 years
2024-02-01,REP026,5804000,2145000,69,Shreya Reddy,South,2-4 years
2024-02-01,REP027,2467000,727000,26,Meera Malhotra,South,<1 year
2024-02-01,REP028,3413000,1918000,30,Kabir Nair,South,1-2 years
2024-02-01,REP029,2202000,1169000,18,Pooja Malhotra,South,<1 year
2024-02-01,REP030,3669000,2262000,43,Pooja Sharma,South,2-4 years
2024-02-01,REP031,4647000,1915000,44,Sanjay Singh,West,4+ years
2024-02-01,REP032,10953000,6459000,75,Vivaan Gupta,West,4+ years
2024-02-01,REP033,2550000,1679000,26,Meera Nair,West,4+ years
2024-02-01,REP034,2450000,1424000,19,Aditya Rao,West,2-4 years
2024-02-01,REP035,7166000,4495000,57,Ishaan Mehta,West,4+ years
2024-02-01,REP036,6260000,3040000,55,Aditya Verma,West,4+ years
2024-02-01,REP037,14311000,6953000,101,Riya Bose,West,2-4 years
2024-02-01,REP038,1122000,519000,12,Arjun Rao,West,1-2 years
2024-02-01,REP039,7661000,3884000,55,Arjun Kapoor,West,1-2 years
2024-02-01,REP040,2781000,2095000,21,Meera Gupta,West,2-4 years
2024-02-01,REP041,3374000,1649000,27,Pooja Nair,West,4+ years
2024-02-01,REP042,2135000,551000,13,Ishaan Iyer,West,<1 year
2024-02-01,REP043,2712000,1701000,12,Ishaan Reddy,West,1-2 years
2024-02-01,REP044,2500000,958000,30,Shreya Rao,West,4+ years
2024-02-01,REP045,5613000,3453000,59,Aarav Mehta,West,2-4 years
2024-02-01,REP046,704000,554000,11,Ananya Malhotra,East,<1 year
2024-02-01,REP047,8485000,4706000,54,Riya Reddy,East,<1 year
2024-02-01,REP048,1203000,874000,11,Sanjay Rao,East,1-2 years
2024-02-01,REP049,2313000,1413000,17,Sanjay Joshi,East,1-2 years
2024-02-01,REP050,879000,662000,5,Ananya Nair,East,2-4 years
2024-02-01,REP051,5286000,2462000,48,Shreya Sharma,East,4+ years
2024-02-01,REP052,588000,362000,5,Shreya Kapoor,East,<1 year
2024-02-01,REP053,3245000,1282000,44,Naina Gupta,East,<1 year
2024-02-01,REP054,812000,530000,6,Vivaan Bose,East,4+ years
2024-02-01,REP055,1169000,452000,7,Naina Kapoor,East,4+ years
2024-02-01,REP056,1748000,937000,14,Sneha Malhotra,East,4+ years
2024-02-01,REP057,1432000,727000,13,Tanya Nair,East,4+ years
2024-02-01,REP058,2367000,1562000,21,Tanya Reddy,East,2-4 years
2024-02-01,REP059,3824000,2988000,36,Ananya Patel,East,4+ years
2024-02-01,REP060,5181000,1931000,49,Ishaan Joshi,East,1-2 years
2024-03-01,REP001,5810000,1982000,46,Riya Nair,North,4+ years
2024-03-01,REP002,2219000,1338000,28,Sneha Singh,North,4+ years
2024-03-01,REP003,4899000,1962000,28,Vikram Menon,North,1-2 years
2024-03-01,REP004,2959000,1210000,34,Riya Iyer,North,2-4 years
2024-03-01,REP005,2676000,1248000,25,Arjun Joshi,North,<1 year
2024-03-01,REP006,7083000,3583000,53,Sneha Reddy,North,2-4 years
2024-03-01,REP007,11002000,5202000,102,Vikram Sharma,North,2-4 years
2024-03-01,REP008,2041000,921000,38,Tanya Patel,North,1-2 years
2024-03-01,REP009,7627000,2725000,71,Ananya Iyer,North,1-2 years
2024-03-01,REP010,4511000,1537000,37,Shreya Malhotra,North,1-2 years
2024-03-01,REP011,11963000,5504000,95,Naina Singh,North,4+ years
2024-03-01,REP012,5003000,3486000,72,Vivaan Singh,North,<1 year
2024-03-01,REP013,5420000,3571000,35,Tanya Menon,North,4+ years
2024-03-01,REP014,5519000,2202000,54,Ishaan Sharma,North,4+ years
2024-03-01,REP015,3280000,1272000,36,Vivaan Mehta,North,4+ years
2024-03-01,REP016,11704000,4948000,120,Meera Menon,South,1-2 years
2024-03-01,REP017,5737000,3459000,50,Rohan Malhotra,South,<1 year
2024-03-01,REP018,4246000,1717000,47,Pooja Menon,South,2-4 years
2024-03-01,REP019,1634000,788000,16,Aarav Kapoor,South,4+ years
2024-03-01,REP020,7977000,2873000,80,Ananya Reddy,South,1-2 years
2024-03-01,REP021,2505000,1354000,32,Rohan Verma,South,2-4 years
2024-03-01,REP022,7673000,4395000,100,Rohan Kapoor,South,<1 year
2024-03-01,REP023,3954000,2397000,54,Naina Iyer,South,2-4 years
2024-03-01,REP024,4657000,2742000,46,Riya Joshi,South,<1 year
2024-03-01,REP025,7198000,3069000,64,Meera Bose,South,2-4 years
2024-03-01,REP026,3578000,1766000,66,Shreya Reddy,South,2-4 years
2024-03-01,REP027,4122000,2489000,33,Meera Malhotra,South,<1 year
2024-03-01,REP028,4575000,2392000,49,Kabir Nair,South,1-2 years
2024-03-01,REP029,3062000,1422000,30,Pooja Malhotra,South,<1 year
2024-03-01,REP030,9776000,5015000,78,Pooja Sharma,South,2-4 years
2024-03-01,REP031,5544000,1910000,71,Sanjay Singh,West,4+ years
2024-03-01,REP032,2408000,1467000,21,Vivaan Gupta,West,4+ years
2024-03-01,REP033,16328000,9551000,126,Meera Nair,West,4+ years
2024-03-01,REP034,2624000,927000,25,Aditya Rao,West,2-4 years
2024-03-01,REP035,5888000,1978000,50,Ishaan Mehta,West,4+ years
2024-03-01,REP036,5673000,3194000,69,Aditya Verma,West,4+ years
2024-03-01,REP037,5167000,3676000,62,Riya Bose,West,2-4 years
2024-03-01,REP038,2648000,1331000,36,Arjun Rao,West,1-2 years
2024-03-01,REP039,12508000,6908000,97,Arjun Kapoor,West,1-2 years
2024-03-01,REP040,7533000,2650000,54,Meera Gupta,West,2-4 years
2024-03-01,REP041,9771000,3723000,90,Pooja Nair,West,4+ years
2024-03-01,REP042,2609000,1744000,16,Ishaan Iyer,West,<1 year
2024-03-01,REP043,6769000,2855000,85,Ishaan Reddy,West,1-2 years
2024-03-01,REP044,2175000,1383000,30,Shreya Rao,West,4+ years
2024-03-01,REP045,7618000,3741000,81,Aarav Mehta,West,2-4 years
2024-03-01,REP046,807000,186000,12,Ananya Malhotra,East,<1 year
2024-03-01,REP047,3055000,1107000,13,Riya Reddy,East,<1 year
2024-03-01,REP048,2191000,1030000,33,Sanjay Rao,East,1-2 years
2024-03-01,REP049,3209000,1753000,21,Sanjay Joshi,East,1-2 years
2024-03-01,REP050,5343000,2269000,29,Ananya Nair,East,2-4 years
2024-03-01,REP051,250000,129000,5,Shreya Sharma,East,4+ years
2024-03-01,REP052,2252000,1095000,31,Shreya Kapoor,East,<1 year
2024-03-01,REP053,1026000,524000,14,Naina Gupta,East,<1 year
2024-03-01,REP054,4412000,1814000,45,Vivaan Bose,East,4+ years
2024-03-01,REP055,3468000,1089000,23,Naina Kapoor,East,4+ years
2024-03-01,REP056,2407000,805000,27,Sneha Malhotra,East,4+ years
2024-03-01,REP057,3545000,1392000,31,Tanya Nair,East,4+ years
2024-03-01,REP058,3246000,631000,37,Tanya Reddy,East,2-4 years
2024-03-01,REP059,3339000,2264000,32,Ananya Patel,East,4+ years
2024-03-01,REP060,3746000,1797000,23,Ishaan Joshi,East,1-2 years
2024-04-01,REP001,1690000,656000,22,Riya Nair,North,4+ years
2024-04-01,REP002,2481000,693000,24,Sneha Singh,North,4+ years
2024-04-01,REP003,7151000,2317000,52,Vikram Menon,North,1-2 years
2024-04-01,REP004,9706000,3142000,89,Riya Iyer,North,2-4 years
2024-04-01,REP005,4479000,2314000,35,Arjun Joshi,North,<1 year
2024-04-01,REP006,4665000,2193000,42,Sneha Reddy,North,2-4 years
2024-04-01,REP007,7976000,3119000,65,Vikram Sharma,North,2-4 years
2024-04-01,REP008,3966000,1962000,54,Tanya Patel,North,1-2 years
2024-04-01,REP009,3299000,1858000,52,Ananya Iyer,North,1-2 years
2024-04-01,REP010,4172000,2121000,39,Shreya Malhotra,North,1-2 years
2024-04-01,REP011,4091000,1612000,50,Naina Singh,North,4+ years
2024-04-01,REP012,8942000,5072000,60,Vivaan Singh,North,<1 year
2024-04-01,REP013,1789000,1206000,15,Tanya Menon,North,4+ years
2024-04-01,REP014,640000,133000,6,Ishaan Sharma,North,4+ years
2024-04-01,REP015,2549000,614000,34,Vivaan Mehta,North,4+ years
2024-04-01,REP016,5433000,1978000,50,Meera Menon,South,1-2 years
2024-04-01,REP017,1068000,460000,12,Rohan Malhotra,South,<1 year
2024-04-01,REP018,3245000,1471000,27,Pooja Menon,South,2-4 years
2024-04-01,REP019,2906000,954000,32,Aarav Kapoor,South,4+ years
2024-04-01,REP020,5713000,2755000,57,Ananya Reddy,South,1-2 years
2024-04-01,REP021,3837000,2469000,24,Rohan Verma,South,2-4 years
2024-04-01,REP022,7316000,3081000,47,Rohan Kapoor,South,<1 year
2024-04-01,REP023,11163000,5996000,73,Naina Iyer,South,2-4 years
2024-04-01,REP024,1672000,904000,18,Riya Joshi,South,<1 year
2024-04-01,REP025,9319000,4674000,74,Meera Bose,South,2-4 years
2024-04-01,REP026,4197000,1950000,64,Shreya Reddy,South,2-4 years
2024-04-01,REP027,8627000,5227000,47,Meera Malhotra,South,<1 year
2024-04-01,REP028,4171000,2292000,46,Kabir Nair,South,1-2 years
2024-04-01,REP029,2888000,1448000,24,Pooja Malhotra,South,<1 year
2024-04-01,REP030,3524000,1289000,24,Pooja Sharma,South,2-4 years
2024-04-01,REP031,4864000,1485000,51,Sanjay Singh,West,4+ years
2024-04-01,REP032,8258000,3607000,70,Vivaan Gupta,West,4+ years
2024-04-01,REP033,4373000,1884000,43,Meera Nair,West,4+ years
2024-04-01,REP034,7252000,3498000,70,Aditya Rao,West,2-4 years
2024-04-01,REP035,2532000,1052000,46,Ishaan Mehta,West,4+ years
2024-04-01,REP036,4014000,1061000,47,Aditya Verma,West,4+ years
2024-04-01,REP037,3792000,1927000,56,Riya Bose,West,2-4 years
2024-04-01,REP038,3796000,2352000,25,Arjun Rao,West,1-2 years
2024-04-01,REP039,608000,356000,7,Arjun Kapoor,West,1-2 years
2024-04-01,REP040,1000000,745000,7,Meera Gupta,West,2-4 years
2024-04-01,REP041,13225000,6965000,84,Pooja Nair,West,4+ years
2024-04-01,REP042,7601000,4014000,104,Ishaan Iyer,West,<1 year
2024-04-01,REP043,7496000,3916000,64,Ishaan Reddy,West,1-2 years
2024-04-01,REP044,4737000,2339000,43,Shreya Rao,West,4+ years
2024-04-01,REP045,1617000,476000,26,Aarav Mehta,West,2-4 years
2024-04-01,REP046,1391000,954000,12,Ananya Malhotra,East,<1 year
2024-04-01,REP047,502000,127000,5,Riya Reddy,East,<1 year
2024-04-01,REP048,1818000,578000,27,Sanjay Rao,East,1-2 years
2024-04-01,REP049,250000,157000,5,Sanjay Joshi,East,1-2 years
2024-04-01,REP050,282000,79000,5,Ananya Nair,East,2-4 years
2024-04-01,REP051,7220000,1969000,78,Shreya Sharma,East,4+ years
2024-04-01,REP052,5319000,2317000,54,Shreya Kapoor,East,<1 year
2024-04-01,REP053,1878000,736000,21,Naina Gupta,East,<1 year
2024-04-01,REP054,2207000,962000,25,Vivaan Bose,East,4+ years
2024-04-01,REP055,8364000,4681000,47,Naina Kapoor,East,4+ years
2024-04-01,REP056,3680000,1312000,41,Sneha Malhotra,East,4+ years
2024-04-01,REP057,2001000,636000,12,Tanya Nair,East,4+ years
2024-04-01,REP058,842000,599000,13,Tanya Reddy,East,2-4 years
2024-04-01,REP059,4635000,2659000,52,Ananya Patel,East,4+ years
2024-04-01,REP060,4148000,1482000,43,Ishaan Joshi,East,1-2 years
2024-05-01,REP001,2219000,715000,23,Riya Nair,North,4+ years
2024-05-01,REP002,6352000,4032000,43,Sneha Singh,North,4+ years
2024-05-01,REP003,4211000,1931000,34,Vikram Menon,North,1-2 years
2024-05-01,REP004,250000,70000,5,Riya Iyer,North,2-4 years
2024-05-01,REP005,7716000,3769000,47,Arjun Joshi,North,<1 year
2024-05-01,REP006,8617000,4539000,53,Sneha Reddy,North,2-4 years
2024-05-01,REP007,2915000,995000,14,Vikram Sharma,North,2-4 years
2024-05-01,REP008,7162000,4488000,67,Tanya Patel,North,1-2 years
2024-05-01,REP009,743000,389000,15,Ananya Iyer,North,1-2 years
2024-05-01,REP010,3616000,2338000,30,Shreya Malhotra,North,1-2 years
2024-05-01,REP011,2647000,1210000,29,Naina Singh,North,4+ years
2024-05-01,REP012,6171000,3393000,77,Vivaan Singh,North,<1 year
2024-05-01,REP013,2515000,1530000,37,Tanya Menon,North,4+ years
2024-05-01,REP014,6329000,3068000,31,Ishaan Sharma,North,4+ years
2024-05-01,REP015,4020000,1753000,24,Vivaan Mehta,North,4+ years
2024-05-01,REP016,2575000,864000,17,Meera Menon,South,1-2 years
2024-05-01,REP017,5384000,2293000,48,Rohan Malhotra,South,<1 year
2024-05-01,REP018,3583000,1430000,23,Pooja Menon,South,2-4 years
2024-05-01,REP019,11731000,5650000,121,Aarav Kapoor,South,4+ years
2024-05-01,REP020,9186000,4161000,126,Ananya Reddy,South,1-2 years
2024-05-01,REP021,3512000,1986000,25,Rohan Verma,South,2-4 years
2024-05-01,REP022,8097000,3393000,67,Rohan Kapoor,South,<1 year
2024-05-01,REP023,3328000,1658000,22,Naina Iyer,South,2-4 years
2024-05-01,REP024,4598000,2425000,29,Riya Joshi,South,<1 year
2024-05-01,REP025,3824000,1769000,38,Meera Bose,South,2-4 years
2024-05-01,REP026,10973000,5789000,80,Shreya Reddy,South,2-4 years
2024-05-01,REP027,6450000,3140000,75,Meera Malhotra,South,<1 year
2024-05-01,REP028,3315000,924000,29,Kabir Nair,South,1-2 years
2024-05-01,REP029,3013000,1367000,57,Pooja Malhotra,South,<1 year
2024-05-01,REP030,5078000,2976000,24,Pooja Sharma,South,2-4 years
2024-05-01,REP031,5363000,2820000,41,Sanjay Singh,West,4+ years
2024-05-01,REP032,3010000,1351000,35,Vivaan Gupta,West,4+ years
2024-05-01,REP033,7514000,5550000,111,Meera Nair,West,4+ years
2024-05-01,REP034,7472000,4128000,41,Aditya Rao,West,2-4 years
2024-05-01,REP035,2572000,720000,42,Ishaan Mehta,West,4+ years
2024-05-01,REP036,10090000,5261000,85,Aditya Verma,West,4+ years
2024-05-01,REP037,521000,226000,6,Riya Bose,West,2-4 years
2024-05-01,REP038,5557000,2977000,44,Arjun Rao,West,1-2 years
2024-05-01,REP039,5554000,3061000,58,Arjun Kapoor,West,1-2 years
2024-05-01,REP040,4388000,2850000,31,Meera Gupta,West,2-4 years
2024-05-01,REP041,6652000,2370000,56,Pooja Nair,West,4+ years
2024-05-01,REP042,7671000,4111000,71,Ishaan Iyer,West,<1 year
2024-05-01,REP043,5732000,3058000,41,Ishaan Reddy,West,1-2 years
2024-05-01,REP044,2456000,1072000,33,Shreya Rao,West,4+ years
2024-05-01,REP045,5409000,3172000,52,Aarav Mehta,West,2-4 years
2024-05-01,REP046,1316000,543000,23,Ananya Malhotra,East,<1 year
2024-05-01,REP047,3271000,2122000,24,Riya Reddy,East,<1 year
2024-05-01,REP048,3643000,2245000,14,Sanjay Rao,East,1-2 years
2024-05-01,REP049,1854000,522000,35,Sanjay Joshi,East,1-2 years
2024-05-01,REP050,3648000,1606000,25,Ananya Nair,East,2-4 years
2024-05-01,REP051,4018000,1432000,44,Shreya Sharma,East,4+ years
2024-05-01,REP052,805000,595000,5,Shreya Kapoor,East,<1 year
2024-05-01,REP053,250000,70000,5,Naina Gupta,East,<1 year
2024-05-01,REP054,250000,70000,5,Vivaan Bose,East,4+ years
2024-05-01,REP055,3928000,2077000,34,Naina Kapoor,East,4+ years
2024-05-01,REP056,2320000,1032000,25,Sneha Malhotra,East,4+ years
2024-05-01,REP057,3842000,1479000,41,Tanya Nair,East,4+ years
2024-05-01,REP058,2349000,1217000,20,Tanya Reddy,East,2-4 years
2024-05-01,REP059,6230000,2325000,24,Ananya Patel,East,4+ years
2024-05-01,REP060,1185000,717000,8,Ishaan Joshi,East,1-2 years
2024-06-01,REP001,7533000,4347000,73,Riya Nair,North,4+ years
2024-06-01,REP002,3717000,1774000,32,Sneha Singh,North,4+ years
2024-06-01,REP003,14792000,4636000,67,Vikram Menon,North,1-2 years
2024-06-01,REP004,5070000,2734000,49,Riya Iyer,North,2-4 years
2024-06-01,REP005,1864000,1149000,17,Arjun Joshi,North,<1 year
2024-06-01,REP006,5716000,3028000,40,Sneha Reddy,North,2-4 years
2024-06-01,REP007,10857000,5999000,99,Vikram Sharma,North,2-4 years
2024-06-01,REP008,3234000,1416000,40,Tanya Patel,North,1-2 years
2024-06-01,REP009,1291000,408000,16,Ananya Iyer,North,1-2 years
2024-06-01,REP010,9412000,4361000,93,Shreya Malhotra,North,1-2 years
2024-06-01,REP011,9458000,5375000,66,Naina Singh,North,4+ years
2024-06-01,REP012,4981000,2958000,52,Vivaan Singh,North,<1 year
2024-06-01,REP013,4873000,2886000,50,Tanya Menon,North,4+ years
2024-06-01,REP014,2782000,1074000,25,Ishaan Sharma,North,4+ years
2024-06-01,REP015,5503000,2974000,55,Vivaan Mehta,North,4+ years
2024-06-01,REP016,9563000,5332000,86,Meera Menon,South,1-2 years
2024-06-01,REP017,4193000,2590000,55,Rohan Malhotra,South,<1 year
2024-06-01,REP018,3506000,1779000,32,Pooja Menon,South,2-4 years
2024-06-01,REP019,4817000,2956000,56,Aarav Kapoor,South,4+ years
2024-06-01,REP020,5905000,2983000,50,Ananya Reddy,South,1-2 years
2024-06-01,REP021,4433000,1868000,47,Rohan Verma,South,2-4 years
2024-06-01,REP022,8179000,3375000,91,Rohan Kapoor,South,<1 year
2024-06-01,REP023,12447000,7657000,89,Naina Iyer,South,2-4 years
2024-06-01,REP024,7640000,2677000,78,Riya Joshi,South,<1 year
2024-06-01,REP025,3622000,1715000,37,Meera Bose,South,2-4 years
2024-06-01,REP026,8950000,5367000,95,Shreya Reddy,South,2-4 years
2024-06-01,REP027,5421000,2078000,54,Meera Malhotra,South,<1 year
2024-06-01,REP028,9451000,4734000,68,Kabir Nair,South,1-2 years
2024-06-01,REP029,2907000,1318000,41,Pooja Malhotra,South,<1 year
2024-06-01,REP030,5871000,2462000,42,Pooja Sharma,South,2-4 years
2024-06-01,REP031,5021000,3396000,55,Sanjay Singh,West,4+ years
2024-06-01,REP032,1955000,1104000,9,Vivaan Gupta,West,4+ years
2024-06-01,REP033,5182000,2249000,66,Meera Nair,West,4+ years
2024-06-01,REP034,2877000,1750000,25,Aditya Rao,West,2-4 years
2024-06-01,REP035,8415000,5222000,50,Ishaan Mehta,West,4+ years
2024-06-01,REP036,10261000,5042000,59,Aditya Verma,West,4+ years
2024-06-01,REP037,8187000,4145000,64,Riya Bose,West,2-4 years
2024-06-01,REP038,3034000,1111000,31,Arjun Rao,West,1-2 years
2024-06-01,REP039,2827000,881000,28,Arjun Kapoor,West,1-2 years
2024-06-01,REP040,1568000,537000,17,Meera Gupta,West,2-4 years
2024-06-01,REP041,6596000,1641000,49,Pooja Nair,West,4+ years
2024-06-01,REP042,6164000,2636000,56,Ishaan Iyer,West,<1 year
2024-06-01,REP043,5235000,3646000,42,Ishaan Reddy,West,1-2 years
2024-06-01,REP044,5270000,2733000,38,Shreya Rao,West,4+ years
2024-06-01,REP045,7771000,4663000,48,Aarav Mehta,West,2-4 years
2024-06-01,REP046,646000,585000,6,Ananya Malhotra,East,<1 year
2024-06-01,REP047,9420000,4493000,82,Riya Reddy,East,<1 year
2024-06-01,REP048,2809000,1271000,28,Sanjay Rao,East,1-2 years
2024-06-01,REP049,2031000,1489000,18,Sanjay Joshi,East,1-2 years
2024-06-01,REP050,1626000,459000,20,Ananya Nair,East,2-4 years
2024-06-01,REP051,1050000,363000,8,Shreya Sharma,East,4+ years
2024-06-01,REP052,1720000,597000,39,Shreya Kapoor,East,<1 year
2024-06-01,REP053,1681000,636000,26,Naina Gupta,East,<1 year
2024-06-01,REP054,2209000,727000,18,Vivaan Bose,East,4+ years
2024-06-01,REP055,2683000,1487000,68,Naina Kapoor,East,4+ years
2024-06-01,REP056,1773000,997000,8,Sneha Malhotra,East,4+ years
2024-06-01,REP057,3001000,1497000,28,Tanya Nair,East,4+ years
2024-06-01,REP058,1076000,944000,10,Tanya Reddy,East,2-4 years
2024-06-01,REP059,2334000,1182000,13,Ananya Patel,East,4+ years
2024-06-01,REP060,4423000,2514000,30,Ishaan Joshi,East,1-2 years
2024-07-01,REP001,3705000,1278000,28,Riya Nair,North,4+ years
2024-07-01,REP002,5390000,2286000,50,Sneha Singh,North,4+ years
2024-07-01,REP003,2530000,1204000,16,Vikram Menon,North,1-2 years
2024-07-01,REP004,3988000,1991000,36,Riya Iyer,North,2-4 years
2024-07-01,REP005,887000,318000,7,Arjun Joshi,North,<1 year
2024-07-01,REP006,8361000,4750000,79,Sneha Reddy,North,2-4 years
2024-07-01,REP007,2168000,1407000,20,Vikram Sharma,North,2-4 years
2024-07-01,REP008,2573000,1451000,31,Tanya Patel,North,1-2 years
2024-07-01,REP009,7751000,5236000,71,Ananya Iyer,North,1-2 years
2024-07-01,REP010,2680000,1419000,22,Shreya Malhotra,North,1-2 years
2024-07-01,REP011,5678000,2264000,38,Naina Singh,North,4+ years
2024-07-01,REP012,3116000,1375000,33,Vivaan Singh,North,<1 year
2024-07-01,REP013,4574000,2932000,33,Tanya Menon,North,4+ years
2024-07-01,REP014,3106000,785000,32,Ishaan Sharma,North,4+ years
2024-07-01,REP015,1852000,760000,49,Vivaan Mehta,North,4+ years
2024-07-01,REP016,1388000,1086000,12,Meera Menon,South,1-2 years
2024-07-01,REP017,2177000,706000,12,Rohan Malhotra,South,<1 year
2024-07-01,REP018,6941000,3937000,58,Pooja Menon,South,2-4 years
2024-07-01,REP019,4741000,2078000,40,Aarav Kapoor,South,4+ years
2024-07-01,REP020,5430000,1855000,38,Ananya Reddy,South,1-2 years
2024-07-01,REP021,4863000,2982000,34,Rohan Verma,South,2-4 years
2024-07-01,REP022,3870000,1323000,56,Rohan Kapoor,South,<1 year
2024-07-01,REP023,6666000,3872000,46,Naina Iyer,South,2-4 years
2024-07-01,REP024,4695000,2144000,32,Riya Joshi,South,<1 year
2024-07-01,REP025,4447000,1621000,23,Meera Bose,South,2-4 years
2024-07-01,REP026,4386000,2298000,36,Shreya Reddy,South,2-4 years
2024-07-01,REP027,3339000,2322000,40,Meera Malhotra,South,<1 year
2024-07-01,REP028,4378000,1602000,47,Kabir Nair,South,1-2 years
2024-07-01,REP029,7299000,3290000,89,Pooja Malhotra,South,<1 year
2024-07-01,REP030,7998000,3598000,63,Pooja Sharma,South,2-4 years
2024-07-01,REP031,1428000,308000,17,Sanjay Singh,West,4+ years
2024-07-01,REP032,6232000,3627000,36,Vivaan Gupta,West,4+ years
2024-07-01,REP033,4609000,2022000,45,Meera Nair,West,4+ years
2024-07-01,REP034,2581000,1348000,29,Aditya Rao,West,2-4 years
2024-07-01,REP035,4514000,2434000,53,Ishaan Mehta,West,4+ years
2024-07-01,REP036,6858000,4136000,53,Aditya Verma,West,4+ years
2024-07-01,REP037,8237000,3623000,77,Riya Bose,West,2-4 years
2024-07-01,REP038,12748000,5337000,100,Arjun Rao,West,1-2 years
2024-07-01,REP039,6814000,2317000,58,Arjun Kapoor,West,1-2 years
2024-07-01,REP040,6776000,4111000,51,Meera Gupta,West,2-4 years
2024-07-01,REP041,3216000,925000,38,Pooja Nair,West,4+ years
2024-07-01,REP042,1733000,860000,24,Ishaan Iyer,West,<1 year
2024-07-01,REP043,3949000,2883000,24,Ishaan Reddy,West,1-2 years
2024-07-01,REP044,9291000,4784000,80,Shreya Rao,West,4+ years
2024-07-01,REP045,2002000,1150000,24,Aarav Mehta,West,2-4 years
2024-07-01,REP046,4039000,1751000,31,Ananya Malhotra,East,<1 year
2024-07-01,REP047,1560000,573000,13,Riya Reddy,East,<1 year
2024-07-01,REP048,1300000,597000,11,Sanjay Rao,East,1-2 years
2024-07-01,REP049,1150000,140000,16,Sanjay Joshi,East,1-2 years
2024-07-01,REP050,937000,591000,7,Ananya Nair,East,2-4 years
2024-07-01,REP051,4193000,2717000,26,Shreya Sharma,East,4+ years
2024-07-01,REP052,5362000,2518000,34,Shreya Kapoor,East,<1 year
2024-07-01,REP053,2188000,911000,27,Naina Gupta,East,<1 year
2024-07-01,REP054,832000,363000,6,Vivaan Bose,East,4+ years
2024-07-01,REP055,8288000,2260000,54,Naina Kapoor,East,4+ years
2024-07-01,REP056,946000,591000,20,Sneha Malhotra,East,4+ years
2024-07-01,REP057,6720000,2589000,74,Tanya Nair,East,4+ years
2024-07-01,REP058,2761000,1382000,7,Tanya Reddy,East,2-4 years
2024-07-01,REP059,475000,278000,6,Ananya Patel,East,4+ years
2024-07-01,REP060,4017000,2723000,39,Ishaan Joshi,East,1-2 years
2024-08-01,REP001,2136000,942000,27,Riya Nair,North,4+ years
2024-08-01,REP002,3357000,2525000,29,Sneha Singh,North,4+ years
2024-08-01,REP003,6649000,3440000,34,Vikram Menon,North,1-2 years
2024-08-01,REP004,9749000,4105000,75,Riya Iyer,North,2-4 years
2024-08-01,REP005,1403000,295000,20,Arjun Joshi,North,<1 year
2024-08-01,REP006,5661000,3898000,30,Sneha Reddy,North,2-4 years
2024-08-01,REP007,3781000,1179000,28,Vikram Sharma,North,2-4 years
2024-08-01,REP008,1345000,836000,17,Tanya Patel,North,1-2 years
2024-08-01,REP009,9100000,3919000,74,Ananya Iyer,North,1-2 years
2024-08-01,REP010,6867000,3436000,60,Shreya Malhotra,North,1-2 years
2024-08-01,REP011,6934000,3240000,97,Naina Singh,North,4+ years
2024-08-01,REP012,1478000,839000,17,Vivaan Singh,North,<1 year
2024-08-01,REP013,3558000,1604000,31,Tanya Menon,North,4+ years
2024-08-01,REP014,6220000,3018000,61,Ishaan Sharma,North,4+ years
2024-08-01,REP015,6203000,3104000,58,Vivaan Mehta,North,4+ years
2024-08-01,REP016,10422000,4940000,87,Meera Menon,South,1-2 years
2024-08-01,REP017,7450000,3648000,76,Rohan Malhotra,South,<1 year
2024-08-01,REP018,2915000,1612000,17,Pooja Menon,South,2-4 years
2024-08-01,REP019,5344000,2957000,42,Aarav Kapoor,South,4+ years
2024-08-01,REP020,5970000,2771000,54,Ananya Reddy,South,1-2 years
2024-08-01,REP021,8006000,3930000,79,Rohan Verma,South,2-4 years
2024-08-01,REP022,7047000,4080000,56,Rohan Kapoor,South,<1 year
2024-08-01,REP023,5637000,2236000,24,Naina Iyer,South,2-4 years
2024-08-01,REP024,3157000,1555000,42,Riya Joshi,South,<1 year
2024-08-01,REP025,9189000,3288000,80,Meera Bose,South,2-4 years
2024-08-01,REP026,4154000,2245000,40,Shreya Reddy,South,2-4 years
2024-08-01,REP027,4228000,2678000,36,Meera Malhotra,South,<1 year
2024-08-01,REP028,7800000,5029000,48,Kabir Nair,South,1-2 years
2024-08-01,REP029,6781000,3165000,71,Pooja Malhotra,South,<1 year
2024-08-01,REP030,10621000,5726000,71,Pooja Sharma,South,2-4 years
2024-08-01,REP031,4176000,2262000,24,Sanjay Singh,West,4+ years
2024-08-01,REP032,2033000,760000,40,Vivaan Gupta,West,4+ years
2024-08-01,REP033,4341000,1320000,40,Meera Nair,West,4+ years
2024-08-01,REP034,4188000,2045000,72,Aditya Rao,West,2-4 years
2024-08-01,REP035,7698000,4824000,34,Ishaan Mehta,West,4+ years
2024-08-01,REP036,7661000,3826000,50,Aditya Verma,West,4+ years
2024-08-01,REP037,4514000,1631000,48,Riya Bose,West,2-4 years
2024-08-01,REP038,6124000,3169000,59,Arjun Rao,West,1-2 years
2024-08-01,REP039,6047000,2921000,94,Arjun Kapoor,West,1-2 years
2024-08-01,REP040,4860000,2822000,30,Meera Gupta,West,2-4 years
2024-08-01,REP041,3175000,1787000,28,Pooja Nair,West,4+ years
2024-08-01,REP042,3502000,2353000,28,Ishaan Iyer,West,<1 year
2024-08-01,REP043,3357000,2280000,34,Ishaan Reddy,West,1-2 years
2024-08-01,REP044,2104000,831000,10,Shreya Rao,West,4+ years
2024-08-01,REP045,2168000,1171000,20,Aarav Mehta,West,2-4 years
2024-08-01,REP046,11610000,5150000,74,Ananya Malhotra,East,<1 year
2024-08-01,REP047,2887000,965000,36,Riya Reddy,East,<1 year
2024-08-01,REP048,3706000,1833000,37,Sanjay Rao,East,1-2 years
2024-08-01,REP049,3585000,1728000,13,Sanjay Joshi,East,1-2 years
2024-08-01,REP050,1614000,827000,14,Ananya Nair,East,2-4 years
2024-08-01,REP051,11295000,5362000,97,Shreya Sharma,East,4+ years
2024-08-01,REP052,2647000,840000,26,Shreya Kapoor,East,<1 year
2024-08-01,REP053,1910000,1189000,11,Naina Gupta,East,<1 year
2024-08-01,REP054,2698000,1268000,51,Vivaan Bose,East,4+ years
2024-08-01,REP055,4146000,2064000,38,Naina Kapoor,East,4+ years
2024-08-01,REP056,3024000,1319000,47,Sneha Malhotra,East,4+ years
2024-08-01,REP057,1999000,523000,24,Tanya Nair,East,4+ years
2024-08-01,REP058,5479000,3357000,56,Tanya Reddy,East,2-4 years
2024-08-01,REP059,3932000,1429000,47,Ananya Patel,East,4+ years
2024-08-01,REP060,919000,365000,11,Ishaan Joshi,East,1-2 years
2024-09-01,REP001,1998000,1149000,16,Riya Nair,North,4+ years
2024-09-01,REP002,2899000,1984000,36,Sneha Singh,North,4+ years
2024-09-01,REP003,10109000,3455000,125,Vikram Menon,North,1-2 years
2024-09-01,REP004,2678000,1538000,24,Riya Iyer,North,2-4 years
2024-09-01,REP005,1970000,683000,20,Arjun Joshi,North,<1 year
2024-09-01,REP006,8368000,3409000,126,Sneha Reddy,North,2-4 years
2024-09-01,REP007,5555000,3095000,33,Vikram Sharma,North,2-4 years
2024-09-01,REP008,6517000,3768000,45,Tanya Patel,North,1-2 years
2024-09-01,REP009,3137000,789000,14,Ananya Iyer,North,1-2 years
2024-09-01,REP010,6472000,3165000,48,Shreya Malhotra,North,1-2 years
2024-09-01,REP011,1689000,753000,23,Naina Singh,North,4+ years
2024-09-01,REP012,2592000,1168000,30,Vivaan Singh,North,<1 year
2024-09-01,REP013,5677000,3172000,34,Tanya Menon,North,4+ years
2024-09-01,REP014,15369000,7199000,132,Ishaan Sharma,North,4+ years
2024-09-01,REP015,2433000,755000,33,Vivaan Mehta,North,4+ years
2024-09-01,REP016,3305000,1591000,38,Meera Menon,South,1-2 years
2024-09-01,REP017,8290000,3231000,84,Rohan Malhotra,South,<1 year
2024-09-01,REP018,1172000,757000,10,Pooja Menon,South,2-4 years
2024-09-01,REP019,4687000,2362000,45,Aarav Kapoor,South,4+ years
2024-09-01,REP020,2695000,1774000,22,Ananya Reddy,South,1-2 years
2024-09-01,REP021,5458000,2860000,50,Rohan Verma,South,2-4 years
2024-09-01,REP022,8594000,4774000,58,Rohan Kapoor,South,<1 year
2024-09-01,REP023,8206000,3369000,55,Naina Iyer,South,2-4 years
2024-09-01,REP024,5313000,1705000,41,Riya Joshi,South,<1 year
2024-09-01,REP025,799000,158000,12,Meera Bose,South,2-4 years
2024-09-01,REP026,8583000,4184000,98,Shreya Reddy,South,2-4 years
2024-09-01,REP027,8099000,3962000,84,Meera Malhotra,South,<1 year
2024-09-01,REP028,5434000,2825000,47,Kabir Nair,South,1-2 years
2024-09-01,REP029,5751000,1738000,48,Pooja Malhotra,South,<1 year
2024-09-01,REP030,4327000,2222000,46,Pooja Sharma,South,2-4 years
2024-09-01,REP031,5251000,2265000,71,Sanjay Singh,West,4+ years
2024-09-01,REP032,3275000,1547000,30,Vivaan Gupta,West,4+ years
2024-09-01,REP033,4395000,2392000,66,Meera Nair,West,4+ years
2024-09-01,REP034,12097000,6690000,89,Aditya Rao,West,2-4 years
2024-09-01,REP035,2061000,895000,23,Ishaan Mehta,West,4+ years
2024-09-01,REP036,7843000,3586000,79,Aditya Verma,West,4+ years
2024-09-01,REP037,1450000,640000,17,Riya Bose,West,2-4 years
2024-09-01,REP038,12285000,6519000,65,Arjun Rao,West,1-2 years
2024-09-01,REP039,9272000,3195000,90,Arjun Kapoor,West,1-2 years
2024-09-01,REP040,3388000,1599000,39,Meera Gupta,West,2-4 years
2024-09-01,REP041,4461000,2067000,53,Pooja Nair,West,4+ years
2024-09-01,REP042,4444000,2728000,44,Ishaan Iyer,West,<1 year
2024-09-01,REP043,4733000,2221000,63,Ishaan Reddy,West,1-2 years
2024-09-01,REP044,5940000,2265000,77,Shreya Rao,West,4+ years
2024-09-01,REP045,12345000,5258000,153,Aarav Mehta,West,2-4 years
2024-09-01,REP046,1063000,451000,14,Ananya Malhotra,East,<1 year
2024-09-01,REP047,5174000,1372000,30,Riya Reddy,East,<1 year
2024-09-01,REP048,2740000,1300000,40,Sanjay Rao,East,1-2 years
2024-09-01,REP049,3343000,1739000,38,Sanjay Joshi,East,1-2 years
2024-09-01,REP050,6071000,3788000,42,Ananya Nair,East,2-4 years
2024-09-01,REP051,2165000,764000,23,Shreya Sharma,East,4+ years
2024-09-01,REP052,4416000,2052000,42,Shreya Kapoor,East,<1 year
2024-09-01,REP053,1865000,545000,24,Naina Gupta,East,<1 year
2024-09-01,REP054,397000,282000,5,Vivaan Bose,East,4+ years
2024-09-01,REP055,2263000,1234000,13,Naina Kapoor,East,4+ years
2024-09-01,REP056,1677000,702000,11,Sneha Malhotra,East,4+ years
2024-09-01,REP057,1975000,890000,16,Tanya Nair,East,4+ years
2024-09-01,REP058,1181000,527000,19,Tanya Reddy,East,2-4 years
2024-09-01,REP059,5872000,2546000,36,Ananya Patel,East,4+ years
2024-09-01,REP060,6367000,2538000,56,Ishaan Joshi,East,1-2 years
2024-10-01,REP001,7148000,3470000,61,Riya Nair,North,4+ years
2024-10-01,REP002,10091000,5437000,73,Sneha Singh,North,4+ years
2024-10-01,REP003,7955000,3948000,59,Vikram Menon,North,1-2 years
2024-10-01,REP004,9694000,6186000,65,Riya Iyer,North,2-4 years
2024-10-01,REP005,5260000,2382000,57,Arjun Joshi,North,<1 year
2024-10-01,REP006,3616000,2059000,46,Sneha Reddy,North,2-4 years
2024-10-01,REP007,5874000,1952000,43,Vikram Sharma,North,2-4 years
2024-10-01,REP008,6447000,3756000,51,Tanya Patel,North,1-2 years
2024-10-01,REP009,8405000,4785000,74,Ananya Iyer,North,1-2 years
2024-10-01,REP010,9904000,4722000,105,Shreya Malhotra,North,1-2 years
2024-10-01,REP011,3968000,1607000,32,Naina Singh,North,4+ years
2024-10-01,REP012,3758000,1642000,36,Vivaan Singh,North,<1 year
2024-10-01,REP013,3181000,1414000,30,Tanya Menon,North,4+ years
2024-10-01,REP014,13205000,5342000,121,Ishaan Sharma,North,4+ years
2024-10-01,REP015,5453000,2467000,31,Vivaan Mehta,North,4+ years
2024-10-01,REP016,11185000,6125000,127,Meera Menon,South,1-2 years
2024-10-01,REP017,1447000,946000,11,Rohan Malhotra,South,<1 year
2024-10-01,REP018,604000,367000,8,Pooja Menon,South,2-4 years
2024-10-01,REP019,4685000,2010000,44,Aarav Kapoor,South,4+ years
2024-10-01,REP020,6703000,3095000,75,Ananya Reddy,South,1-2 years
2024-10-01,REP021,1213000,686000,16,Rohan Verma,South,2-4 years
2024-10-01,REP022,10370000,4796000,97,Rohan Kapoor,South,<1 year
2024-10-01,REP023,10041000,4709000,75,Naina Iyer,South,2-4 years
2024-10-01,REP024,6212000,3093000,94,Riya Joshi,South,<1 year
2024-10-01,REP025,4199000,1828000,30,Meera Bose,South,2-4 years
2024-10-01,REP026,10170000,5248000,52,Shreya Reddy,South,2-4 years
2024-10-01,REP027,6727000,2087000,69,Meera Malhotra,South,<1 year
2024-10-01,REP028,12221000,7353000,127,Kabir Nair,South,1-2 years
2024-10-01,REP029,9950000,3669000,82,Pooja Malhotra,South,<1 year
2024-10-01,REP030,8648000,3427000,58,Pooja Sharma,South,2-4 years
2024-10-01,REP031,3613000,1412000,36,Sanjay Singh,West,4+ years
2024-10-01,REP032,8863000,3042000,78,Vivaan Gupta,West,4+ years
2024-10-01,REP033,3163000,1569000,20,Meera Nair,West,4+ years
2024-10-01,REP034,2492000,1225000,30,Aditya Rao,West,2-4 years
2024-10-01,REP035,6107000,2520000,53,Ishaan Mehta,West,4+ years
2024-10-01,REP036,10998000,5194000,111,Aditya Verma,West,4+ years
2024-10-01,REP037,8620000,5046000,75,Riya Bose,West,2-4 years
2024-10-01,REP038,6903000,4231000,58,Arjun Rao,West,1-2 years
2024-10-01,REP039,13920000,8903000,112,Arjun Kapoor,West,1-2 years
2024-10-01,REP040,5195000,2177000,63,Meera Gupta,West,2-4 years
2024-10-01,REP041,5592000,3665000,58,Pooja Nair,West,4+ years
2024-10-01,REP042,5353000,2151000,46,Ishaan Iyer,West,<1 year
2024-10-01,REP043,5755000,2746000,58,Ishaan Reddy,West,1-2 years
2024-10-01,REP044,6899000,3392000,56,Shreya Rao,West,4+ years
2024-10-01,REP045,9005000,3368000,83,Aarav Mehta,West,2-4 years
2024-10-01,REP046,4766000,3393000,23,Ananya Malhotra,East,<1 year
2024-10-01,REP047,2552000,1505000,23,Riya Reddy,East,<1 year
2024-10-01,REP048,1333000,416000,14,Sanjay Rao,East,1-2 years
2024-10-01,REP049,4559000,2048000,37,Sanjay Joshi,East,1-2 years
2024-10-01,REP050,2438000,1285000,18,Ananya Nair,East,2-4 years
2024-10-01,REP051,3810000,2190000,36,Shreya Sharma,East,4+ years
2024-10-01,REP052,4342000,1947000,35,Shreya Kapoor,East,<1 year
2024-10-01,REP053,5467000,2493000,68,Naina Gupta,East,<1 year
2024-10-01,REP054,3178000,1857000,29,Vivaan Bose,East,4+ years
2024-10-01,REP055,3540000,1453000,39,Naina Kapoor,East,4+ years
2024-10-01,REP056,3972000,1886000,26,Sneha Malhotra,East,4+ years
2024-10-01,REP057,1484000,1033000,11,Tanya Nair,East,4+ years
2024-10-01,REP058,3295000,2102000,14,Tanya Reddy,East,2-4 years
2024-10-01,REP059,3996000,1099000,50,Ananya Patel,East,4+ years
2024-10-01,REP060,2817000,1398000,27,Ishaan Joshi,East,1-2 years
2024-11-01,REP001,8797000,5135000,79,Riya Nair,North,4+ years
2024-11-01,REP002,7248000,3210000,58,Sneha Singh,North,4+ years
2024-11-01,REP003,7991000,3803000,53,Vikram Menon,North,1-2 years
2024-11-01,REP004,5978000,2567000,66,Riya Iyer,North,2-4 years
2024-11-01,REP005,10198000,6865000,79,Arjun Joshi,North,<1 year
2024-11-01,REP006,6996000,2625000,87,Sneha Reddy,North,2-4 years
2024-11-01,REP007,5045000,2763000,57,Vikram Sharma,North,2-4 years
2024-11-01,REP008,3205000,1360000,32,Tanya Patel,North,1-2 years
2024-11-01,REP009,7968000,3959000,64,Ananya Iyer,North,1-2 years
2024-11-01,REP010,5826000,1865000,38,Shreya Malhotra,North,1-2 years
2024-11-01,REP011,6421000,2874000,54,Naina Singh,North,4+ years
2024-11-01,REP012,5881000,2939000,49,Vivaan Singh,North,<1 year
2024-11-01,REP013,6020000,2768000,54,Tanya Menon,North,4+ years
2024-11-01,REP014,8072000,3351000,49,Ishaan Sharma,North,4+ years
2024-11-01,REP015,3841000,1555000,51,Vivaan Mehta,North,4+ years
2024-11-01,REP016,14172000,7298000,128,Meera Menon,South,1-2 years
2024-11-01,REP017,4061000,2163000,54,Rohan Malhotra,South,<1 year
2024-11-01,REP018,4875000,2191000,63,Pooja Menon,South,2-4 years
2024-11-01,REP019,10580000,5379000,77,Aarav Kapoor,South,4+ years
2024-11-01,REP020,6933000,4951000,55,Ananya Reddy,South,1-2 years
2024-11-01,REP021,9100000,4752000,77,Rohan Verma,South,2-4 years
2024-11-01,REP022,17800000,9454000,128,Rohan Kapoor,South,<1 year
2024-11-01,REP023,5433000,3068000,41,Naina Iyer,South,2-4 years
2024-11-01,REP024,8036000,2860000,81,Riya Joshi,South,<1 year
2024-11-01,REP025,12129000,6483000,125,Meera Bose,South,2-4 years
2024-11-01,REP026,5048000,3261000,53,Shreya Reddy,South,2-4 years
2024-11-01,REP027,10669000,4691000,106,Meera Malhotra,South,<1 year
2024-11-01,REP028,16355000,7460000,123,Kabir Nair,South,1-2 years
2024-11-01,REP029,8050000,4765000,102,Pooja Malhotra,South,<1 year
2024-11-01,REP030,12069000,6533000,149,Pooja Sharma,South,2-4 years
2024-11-01,REP031,6947000,4693000,52,Sanjay Singh,West,4+ years
2024-11-01,REP032,3166000,907000,13,Vivaan Gupta,West,4+ years
2024-11-01,REP033,1987000,1036000,21,Meera Nair,West,4+ years
2024-11-01,REP034,3695000,1624000,34,Aditya Rao,West,2-4 years
2024-11-01,REP035,15813000,6165000,143,Ishaan Mehta,West,4+ years
2024-11-01,REP036,1697000,899000,21,Aditya Verma,West,4+ years
2024-11-01,REP037,3253000,1456000,35,Riya Bose,West,2-4 years
2024-11-01,REP038,8231000,2831000,74,Arjun Rao,West,1-2 years
2024-11-01,REP039,11205000,5333000,91,Arjun Kapoor,West,1-2 years
2024-11-01,REP040,4449000,2255000,47,Meera Gupta,West,2-4 years
2024-11-01,REP041,9348000,5296000,54,Pooja Nair,West,4+ years
2024-11-01,REP042,7171000,3924000,56,Ishaan Iyer,West,<1 year
2024-11-01,REP043,8483000,3311000,90,Ishaan Reddy,West,1-2 years
2024-11-01,REP044,4649000,1678000,43,Shreya Rao,West,4+ years
2024-11-01,REP045,10217000,4447000,95,Aarav Mehta,West,2-4 years
2024-11-01,REP046,5994000,2503000,105,Ananya Malhotra,East,<1 year
2024-11-01,REP047,4284000,1860000,34,Riya Reddy,East,<1 year
2024-11-01,REP048,4883000,3374000,61,Sanjay Rao,East,1-2 years
2024-11-01,REP049,6930000,4299000,62,Sanjay Joshi,East,1-2 years
2024-11-01,REP050,4875000,2719000,61,Ananya Nair,East,2-4 years
2024-11-01,REP051,1502000,1016000,10,Shreya Sharma,East,4+ years
2024-11-01,REP052,7724000,3605000,52,Shreya Kapoor,East,<1 year
2024-11-01,REP053,4411000,3106000,28,Naina Gupta,East,<1 year
2024-11-01,REP054,1323000,263000,6,Vivaan Bose,East,4+ years
2024-11-01,REP055,3057000,1612000,34,Naina Kapoor,East,4+ years
2024-11-01,REP056,2746000,1023000,17,Sneha Malhotra,East,4+ years
2024-11-01,REP057,5596000,1935000,68,Tanya Nair,East,4+ years
2024-11-01,REP058,5038000,1564000,48,Tanya Reddy,East,2-4 years
2024-11-01,REP059,2319000,1129000,22,Ananya Patel,East,4+ years
2024-11-01,REP060,6951000,2732000,42,Ishaan Joshi,East,1-2 years
2024-12-01,REP001,9983000,4509000,109,Riya Nair,North,4+ years
2024-12-01,REP002,5144000,2958000,46,Sneha Singh,North,4+ years
2024-12-01,REP003,10593000,5287000,108,Vikram Menon,North,1-2 years
2024-12-01,REP004,9036000,4787000,89,Riya Iyer,North,2-4 years
2024-12-01,REP005,9353000,3894000,99,Arjun Joshi,North,<1 year
2024-12-01,REP006,8055000,3533000,78,Sneha Reddy,North,2-4 years
2024-12-01,REP007,3601000,1515000,65,Vikram Sharma,North,2-4 years
2024-12-01,REP008,9540000,4764000,93,Tanya Patel,North,1-2 years
2024-12-01,REP009,9903000,3561000,109,Ananya Iyer,North,1-2 years
2024-12-01,REP010,5885000,2457000,51,Shreya Malhotra,North,1-2 years
2024-12-01,REP011,6606000,2937000,70,Naina Singh,North,4+ years
2024-12-01,REP012,5846000,3771000,68,Vivaan Singh,North,<1 year
2024-12-01,REP013,15612000,7407000,116,Tanya Menon,North,4+ years
2024-12-01,REP014,9222000,3036000,81,Ishaan Sharma,North,4+ years
2024-12-01,REP015,15677000,7667000,124,Vivaan Mehta,North,4+ years
2024-12-01,REP016,10112000,4711000,112,Meera Menon,South,1-2 years
2024-12-01,REP017,4622000,2516000,79,Rohan Malhotra,South,<1 year
2024-12-01,REP018,6107000,3154000,66,Pooja Menon,South,2-4 years
2024-12-01,REP019,5269000,3165000,35,Aarav Kapoor,South,4+ years
2024-12-01,REP020,16452000,9215000,116,Ananya Reddy,South,1-2 years
2024-12-01,REP021,8146000,3707000,68,Rohan Verma,South,2-4 years
2024-12-01,REP022,7645000,3016000,77,Rohan Kapoor,South,<1 year
2024-12-01,REP023,11578000,5930000,125,Naina Iyer,South,2-4 years
2024-12-01,REP024,13975000,4813000,152,Riya Joshi,South,<1 year
2024-12-01,REP025,10242000,4624000,128,Meera Bose,South,2-4 years
2024-12-01,REP026,11632000,4730000,91,Shreya Reddy,South,2-4 years
2024-12-01,REP027,8979000,5129000,88,Meera Malhotra,South,<1 year
2024-12-01,REP028,8233000,4632000,90,Kabir Nair,South,1-2 years
2024-12-01,REP029,5174000,2528000,49,Pooja Malhotra,South,<1 year
2024-12-01,REP030,10391000,5191000,79,Pooja Sharma,South,2-4 years
2024-12-01,REP031,22404000,11851000,220,Sanjay Singh,West,4+ years
2024-12-01,REP032,4816000,2337000,28,Vivaan Gupta,West,4+ years
2024-12-01,REP033,14562000,5240000,133,Meera Nair,West,4+ years
2024-12-01,REP034,6668000,3114000,48,Aditya Rao,West,2-4 years
2024-12-01,REP035,7060000,3441000,71,Ishaan Mehta,West,4+ years
2024-12-01,REP036,7004000,3338000,60,Aditya Verma,West,4+ years
2024-12-01,REP037,4142000,1739000,56,Riya Bose,West,2-4 years
2024-12-01,REP038,8994000,5008000,110,Arjun Rao,West,1-2 years
2024-12-01,REP039,11833000,4185000,153,Arjun Kapoor,West,1-2 years
2024-12-01,REP040,4376000,1808000,63,Meera Gupta,West,2-4 years
2024-12-01,REP041,4315000,2046000,39,Pooja Nair,West,4+ years
2024-12-01,REP042,9633000,6092000,66,Ishaan Iyer,West,<1 year
2024-12-01,REP043,10646000,4489000,103,Ishaan Reddy,West,1-2 years
2024-12-01,REP044,5813000,2560000,67,Shreya Rao,West,4+ years
2024-12-01,REP045,11678000,6089000,171,Aarav Mehta,West,2-4 years
2024-12-01,REP046,3157000,2015000,19,Ananya Malhotra,East,<1 year
2024-12-01,REP047,4428000,2860000,28,Riya Reddy,East,<1 year
2024-12-01,REP048,3899000,2307000,34,Sanjay Rao,East,1-2 years
2024-12-01,REP049,9923000,3908000,93,Sanjay Joshi,East,1-2 years
2024-12-01,REP050,4704000,2565000,74,Ananya Nair,East,2-4 years
2024-12-01,REP051,8281000,5262000,76,Shreya Sharma,East,4+ years
2024-12-01,REP052,3282000,1275000,25,Shreya Kapoor,East,<1 year
2024-12-01,REP053,6351000,3077000,36,Naina Gupta,East,<1 year
2024-12-01,REP054,1669000,738000,22,Vivaan Bose,East,4+ years
2024-12-01,REP055,3641000,1538000,42,Naina Kapoor,East,4+ years
2024-12-01,REP056,5034000,2708000,71,Sneha Malhotra,East,4+ years
2024-12-01,REP057,6648000,3485000,54,Tanya Nair,East,4+ years
2024-12-01,REP058,1894000,1452000,22,Tanya Reddy,East,2-4 years
2024-12-01,REP059,4062000,2020000,49,Ananya Patel,East,4+ years
2024-12-01,REP060,4940000,2465000,39,Ishaan Joshi,East,1-2 years
2025-01-01,REP001,5110000,1652000,44,Riya Nair,North,4+ years
2025-01-01,REP002,7854000,4038000,68,Sneha Singh,North,4+ years
2025-01-01,REP003,3977000,1938000,32,Vikram Menon,North,1-2 years
2025-01-01,REP004,3555000,1446000,42,Riya Iyer,North,2-4 years
2025-01-01,REP005,10891000,5270000,97,Arjun Joshi,North,<1 year
2025-01-01,REP006,6355000,2498000,44,Sneha Reddy,North,2-4 years
2025-01-01,REP007,3433000,1896000,26,Vikram Sharma,North,2-4 years
2025-01-01,REP008,1082000,754000,9,Tanya Patel,North,1-2 years
2025-01-01,REP009,720000,268000,17,Ananya Iyer,North,1-2 years
2025-01-01,REP010,1976000,783000,12,Shreya Malhotra,North,1-2 years
2025-01-01,REP011,3238000,1470000,17,Naina Singh,North,4+ years
2025-01-01,REP012,561000,331000,7,Vivaan Singh,North,<1 year
2025-01-01,REP013,1321000,547000,12,Tanya Menon,North,4+ years
2025-01-01,REP014,2191000,950000,26,Ishaan Sharma,North,4+ years
2025-01-01,REP015,4892000,889000,55,Vivaan Mehta,North,4+ years
2025-01-01,REP016,3885000,2265000,32,Meera Menon,South,1-2 years
2025-01-01,REP017,5380000,3037000,65,Rohan Malhotra,South,<1 year
2025-01-01,REP018,3084000,1705000,28,Pooja Menon,South,2-4 years
2025-01-01,REP019,8925000,3238000,87,Aarav Kapoor,South,4+ years
2025-01-01,REP020,7641000,3262000,63,Ananya Reddy,South,1-2 years
2025-01-01,REP021,4362000,1616000,40,Rohan Verma,South,2-4 years
2025-01-01,REP022,3077000,1640000,55,Rohan Kapoor,South,<1 year
2025-01-01,REP023,6514000,2992000,41,Naina Iyer,South,2-4 years
2025-01-01,REP024,4923000,3228000,23,Riya Joshi,South,<1 year
2025-01-01,REP025,4963000,2229000,47,Meera Bose,South,2-4 years
2025-01-01,REP026,10973000,4603000,88,Shreya Reddy,South,2-4 years
2025-01-01,REP027,6350000,4069000,51,Meera Malhotra,South,<1 year
2025-01-01,REP028,3139000,2250000,31,Kabir Nair,South,1-2 years
2025-01-01,REP029,4171000,1309000,27,Pooja Malhotra,South,<1 year
2025-01-01,REP030,8322000,4963000,62,Pooja Sharma,South,2-4 years
2025-01-01,REP031,11567000,6039000,59,Sanjay Singh,West,4+ years
2025-01-01,REP032,1604000,686000,15,Vivaan Gupta,West,4+ years
2025-01-01,REP033,3223000,1710000,28,Meera Nair,West,4+ years
2025-01-01,REP034,4590000,2485000,43,Aditya Rao,West,2-4 years
2025-01-01,REP035,2895000,1734000,23,Ishaan Mehta,West,4+ years
2025-01-01,REP036,5467000,2758000,37,Aditya Verma,West,4+ years
2025-01-01,REP037,6360000,3207000,59,Riya Bose,West,2-4 years
2025-01-01,REP038,1814000,866000,36,Arjun Rao,West,1-2 years
2025-01-01,REP039,5397000,2667000,36,Arjun Kapoor,West,1-2 years
2025-01-01,REP040,6051000,2995000,62,Meera Gupta,West,2-4 years
2025-01-01,REP041,3543000,1216000,34,Pooja Nair,West,4+ years
2025-01-01,REP042,5050000,2576000,43,Ishaan Iyer,West,<1 year
2025-01-01,REP043,12981000,4754000,161,Ishaan Reddy,West,1-2 years
2025-01-01,REP044,4327000,2353000,55,Shreya Rao,West,4+ years
2025-01-01,REP045,5094000,3338000,46,Aarav Mehta,West,2-4 years
2025-01-01,REP046,546000,107000,7,Ananya Malhotra,East,<1 year
2025-01-01,REP047,4487000,2649000,36,Riya Reddy,East,<1 year
2025-01-01,REP048,1696000,1005000,16,Sanjay Rao,East,1-2 years
2025-01-01,REP049,4080000,2267000,35,Sanjay Joshi,East,1-2 years
2025-01-01,REP050,8525000,3176000,48,Ananya Nair,East,2-4 years
2025-01-01,REP051,387000,275000,6,Shreya Sharma,East,4+ years
2025-01-01,REP052,2308000,1257000,19,Shreya Kapoor,East,<1 year
2025-01-01,REP053,3387000,1325000,43,Naina Gupta,East,<1 year
2025-01-01,REP054,3533000,1675000,36,Vivaan Bose,East,4+ years
2025-01-01,REP055,1075000,403000,13,Naina Kapoor,East,4+ years
2025-01-01,REP056,3482000,1903000,38,Sneha Malhotra,East,4+ years
2025-01-01,REP057,2534000,773000,22,Tanya Nair,East,4+ years
2025-01-01,REP058,3602000,1936000,22,Tanya Reddy,East,2-4 years
2025-01-01,REP059,3062000,1581000,27,Ananya Patel,East,4+ years
2025-01-01,REP060,2795000,709000,43,Ishaan Joshi,East,1-2 years
2025-02-01,REP001,4400000,2782000,31,Riya Nair,North,4+ years
2025-02-01,REP002,5626000,2741000,57,Sneha Singh,North,4+ years
2025-02-01,REP003,8009000,3978000,59,Vikram Menon,North,1-2 years
2025-02-01,REP004,9394000,4575000,84,Riya Iyer,North,2-4 years
2025-02-01,REP005,1192000,599000,6,Arjun Joshi,North,<1 year
2025-02-01,REP006,5431000,2394000,65,Sneha Reddy,North,2-4 years
2025-02-01,REP007,3350000,976000,20,Vikram Sharma,North,2-4 years
2025-02-01,REP008,6995000,3177000,57,Tanya Patel,North,1-2 years
2025-02-01,REP009,2147000,1375000,14,Ananya Iyer,North,1-2 years
2025-02-01,REP010,8349000,6383000,48,Shreya Malhotra,North,1-2 years
2025-02-01,REP011,2039000,1130000,13,Naina Singh,North,4+ years
2025-02-01,REP012,867000,436000,5,Vivaan Singh,North,<1 year
2025-02-01,REP013,3319000,1028000,37,Tanya Menon,North,4+ years
2025-02-01,REP014,1742000,813000,45,Ishaan Sharma,North,4+ years
2025-02-01,REP015,2528000,693000,13,Vivaan Mehta,North,4+ years
2025-02-01,REP016,4522000,2055000,18,Meera Menon,South,1-2 years
2025-02-01,REP017,6949000,3027000,77,Rohan Malhotra,South,<1 year
2025-02-01,REP018,4484000,1378000,54,Pooja Menon,South,2-4 years
2025-02-01,REP019,5947000,3311000,48,Aarav Kapoor,South,4+ years
2025-02-01,REP020,9514000,2649000,29,Ananya Reddy,South,1-2 years
2025-02-01,REP021,3745000,1920000,38,Rohan Verma,South,2-4 years
2025-02-01,REP022,7376000,3530000,61,Rohan Kapoor,South,<1 year
2025-02-01,REP023,5645000,1928000,51,Naina Iyer,South,2-4 years
2025-02-01,REP024,2207000,887000,29,Riya Joshi,South,<1 year
2025-02-01,REP025,7141000,3312000,81,Meera Bose,South,2-4 years
2025-02-01,REP026,6647000,2672000,77,Shreya Reddy,South,2-4 years
2025-02-01,REP027,4961000,2405000,42,Meera Malhotra,South,<1 year
2025-02-01,REP028,7945000,3746000,52,Kabir Nair,South,1-2 years
2025-02-01,REP029,5989000,3372000,67,Pooja Malhotra,South,<1 year
2025-02-01,REP030,9273000,5538000,49,Pooja Sharma,South,2-4 years
2025-02-01,REP031,2569000,1179000,25,Sanjay Singh,West,4+ years
2025-02-01,REP032,4281000,1149000,42,Vivaan Gupta,West,4+ years
2025-02-01,REP033,3446000,1632000,39,Meera Nair,West,4+ years
2025-02-01,REP034,5225000,2416000,32,Aditya Rao,West,2-4 years
2025-02-01,REP035,5911000,2842000,50,Ishaan Mehta,West,4+ years
2025-02-01,REP036,2126000,905000,27,Aditya Verma,West,4+ years
2025-02-01,REP037,3872000,1513000,34,Riya Bose,West,2-4 years
2025-02-01,REP038,5617000,2703000,58,Arjun Rao,West,1-2 years
2025-02-01,REP039,4926000,1992000,42,Arjun Kapoor,West,1-2 years
2025-02-01,REP040,703000,207000,5,Meera Gupta,West,2-4 years
2025-02-01,REP041,5370000,2698000,43,Pooja Nair,West,4+ years
2025-02-01,REP042,2197000,1036000,14,Ishaan Iyer,West,<1 year
2025-02-01,REP043,10679000,5550000,76,Ishaan Reddy,West,1-2 years
2025-02-01,REP044,3565000,2233000,37,Shreya Rao,West,4+ years
2025-02-01,REP045,3458000,2209000,22,Aarav Mehta,West,2-4 years
2025-02-01,REP046,2121000,617000,17,Ananya Malhotra,East,<1 year
2025-02-01,REP047,1306000,686000,9,Riya Reddy,East,<1 year
2025-02-01,REP048,568000,285000,5,Sanjay Rao,East,1-2 years
2025-02-01,REP049,5448000,3252000,32,Sanjay Joshi,East,1-2 years
2025-02-01,REP050,8247000,3379000,37,Ananya Nair,East,2-4 years
2025-02-01,REP051,1377000,619000,9,Shreya Sharma,East,4+ years
2025-02-01,REP052,2059000,1615000,15,Shreya Kapoor,East,<1 year
2025-02-01,REP053,1060000,441000,8,Naina Gupta,East,<1 year
2025-02-01,REP054,4393000,1611000,24,Vivaan Bose,East,4+ years
2025-02-01,REP055,1863000,591000,18,Naina Kapoor,East,4+ years
2025-02-01,REP056,3350000,1330000,32,Sneha Malhotra,East,4+ years
2025-02-01,REP057,250000,70000,5,Tanya Nair,East,4+ years
2025-02-01,REP058,2456000,897000,26,Tanya Reddy,East,2-4 years
2025-02-01,REP059,3070000,1834000,31,Ananya Patel,East,4+ years
2025-02-01,REP060,3543000,1907000,23,Ishaan Joshi,East,1-2 years
2025-03-01,REP001,3797000,2022000,42,Riya Nair,North,4+ years
2025-03-01,REP002,6119000,3614000,50,Sneha Singh,North,4+ years
2025-03-01,REP003,12068000,5185000,104,Vikram Menon,North,1-2 years
2025-03-01,REP004,4176000,2344000,39,Riya Iyer,North,2-4 years
2025-03-01,REP005,2969000,1408000,16,Arjun Joshi,North,<1 year
2025-03-01,REP006,8257000,5418000,77,Sneha Reddy,North,2-4 years
2025-03-01,REP007,5854000,2211000,67,Vikram Sharma,North,2-4 years
2025-03-01,REP008,13868000,7135000,99,Tanya Patel,North,1-2 years
2025-03-01,REP009,6710000,2647000,65,Ananya Iyer,North,1-2 years
2025-03-01,REP010,8932000,3852000,62,Shreya Malhotra,North,1-2 years
2025-03-01,REP011,8629000,2925000,103,Naina Singh,North,4+ years
2025-03-01,REP012,2340000,845000,21,Vivaan Singh,North,<1 year
2025-03-01,REP013,3123000,1403000,25,Tanya Menon,North,4+ years
2025-03-01,REP014,5103000,2623000,41,Ishaan Sharma,North,4+ years
2025-03-01,REP015,6369000,2627000,58,Vivaan Mehta,North,4+ years
2025-03-01,REP016,17628000,9034000,163,Meera Menon,South,1-2 years
2025-03-01,REP017,2759000,1160000,39,Rohan Malhotra,South,<1 year
2025-03-01,REP018,2142000,585000,36,Pooja Menon,South,2-4 years
2025-03-01,REP019,4309000,2601000,57,Aarav Kapoor,South,4+ years
2025-03-01,REP020,13910000,5374000,110,Ananya Reddy,South,1-2 years
2025-03-01,REP021,5237000,2097000,56,Rohan Verma,South,2-4 years
2025-03-01,REP022,2911000,1392000,23,Rohan Kapoor,South,<1 year
2025-03-01,REP023,3634000,2010000,25,Naina Iyer,South,2-4 years
2025-03-01,REP024,4394000,1753000,38,Riya Joshi,South,<1 year
2025-03-01,REP025,3812000,1771000,43,Meera Bose,South,2-4 years
2025-03-01,REP026,12355000,3995000,130,Shreya Reddy,South,2-4 years
2025-03-01,REP027,5929000,2625000,48,Meera Malhotra,South,<1 year
2025-03-01,REP028,7957000,3684000,63,Kabir Nair,South,1-2 years
2025-03-01,REP029,7929000,4009000,69,Pooja Malhotra,South,<1 year
2025-03-01,REP030,13300000,6320000,95,Pooja Sharma,South,2-4 years
2025-03-01,REP031,8827000,3143000,62,Sanjay Singh,West,4+ years
2025-03-01,REP032,9952000,3854000,82,Vivaan Gupta,West,4+ years
2025-03-01,REP033,7446000,3898000,87,Meera Nair,West,4+ years
2025-03-01,REP034,10395000,5235000,62,Aditya Rao,West,2-4 years
2025-03-01,REP035,8078000,3528000,51,Ishaan Mehta,West,4+ years
2025-03-01,REP036,10176000,5324000,81,Aditya Verma,West,4+ years
2025-03-01,REP037,5156000,2863000,42,Riya Bose,West,2-4 years
2025-03-01,REP038,2860000,1345000,41,Arjun Rao,West,1-2 years
2025-03-01,REP039,13850000,7936000,85,Arjun Kapoor,West,1-2 years
2025-03-01,REP040,2337000,1627000,33,Meera Gupta,West,2-4 years
2025-03-01,REP041,5716000,3168000,52,Pooja Nair,West,4+ years
2025-03-01,REP042,5744000,2706000,58,Ishaan Iyer,West,<1 year
2025-03-01,REP043,9347000,3719000,54,Ishaan Reddy,West,1-2 years
2025-03-01,REP044,4983000,2276000,53,Shreya Rao,West,4+ years
2025-03-01,REP045,13303000,6696000,145,Aarav Mehta,West,2-4 years
2025-03-01,REP046,2103000,1226000,24,Ananya Malhotra,East,<1 year
2025-03-01,REP047,11315000,6105000,89,Riya Reddy,East,<1 year
2025-03-01,REP048,4717000,2133000,43,Sanjay Rao,East,1-2 years
2025-03-01,REP049,14926000,8349000,106,Sanjay Joshi,East,1-2 years
2025-03-01,REP050,4815000,2204000,57,Ananya Nair,East,2-4 years
2025-03-01,REP051,3745000,1783000,27,Shreya Sharma,East,4+ years
2025-03-01,REP052,1990000,1230000,19,Shreya Kapoor,East,<1 year
2025-03-01,REP053,2274000,1306000,12,Naina Gupta,East,<1 year
2025-03-01,REP054,2672000,1528000,39,Vivaan Bose,East,4+ years
2025-03-01,REP055,2139000,989000,27,Naina Kapoor,East,4+ years
2025-03-01,REP056,1541000,424000,8,Sneha Malhotra,East,4+ years
2025-03-01,REP057,3967000,1824000,40,Tanya Nair,East,4+ years
2025-03-01,REP058,3201000,1477000,15,Tanya Reddy,East,2-4 years
2025-03-01,REP059,1276000,847000,8,Ananya Patel,East,4+ years
2025-03-01,REP060,6277000,2531000,60,Ishaan Joshi,East,1-2 years
2025-04-01,REP001,1359000,854000,18,Riya Nair,North,4+ years
2025-04-01,REP002,9966000,4945000,74,Sneha Singh,North,4+ years
2025-04-01,REP003,5293000,1931000,59,Vikram Menon,North,1-2 years
2025-04-01,REP004,8902000,4567000,136,Riya Iyer,North,2-4 years
2025-04-01,REP005,4511000,2395000,26,Arjun Joshi,North,<1 year
2025-04-01,REP006,9627000,4305000,87,Sneha Reddy,North,2-4 years
2025-04-01,REP007,3144000,1252000,42,Vikram Sharma,North,2-4 years
2025-04-01,REP008,6404000,2544000,49,Tanya Patel,North,1-2 years
2025-04-01,REP009,3313000,1871000,34,Ananya Iyer,North,1-2 years
2025-04-01,REP010,4751000,2329000,41,Shreya Malhotra,North,1-2 years
2025-04-01,REP011,4554000,2102000,38,Naina Singh,North,4+ years
2025-04-01,REP012,10450000,4911000,101,Vivaan Singh,North,<1 year
2025-04-01,REP013,8708000,5213000,48,Tanya Menon,North,4+ years
2025-04-01,REP014,5053000,2208000,34,Ishaan Sharma,North,4+ years
2025-04-01,REP015,7259000,4097000,45,Vivaan Mehta,North,4+ years
2025-04-01,REP016,1547000,942000,14,Meera Menon,South,1-2 years
2025-04-01,REP017,1846000,812000,14,Rohan Malhotra,South,<1 year
2025-04-01,REP018,2391000,923000,16,Pooja Menon,South,2-4 years
2025-04-01,REP019,6178000,3044000,38,Aarav Kapoor,South,4+ years
2025-04-01,REP020,4593000,2036000,31,Ananya Reddy,South,1-2 years
2025-04-01,REP021,4986000,1948000,35,Rohan Verma,South,2-4 years
2025-04-01,REP022,20310000,10630000,175,Rohan Kapoor,South,<1 year
2025-04-01,REP023,7320000,3160000,61,Naina Iyer,South,2-4 years
2025-04-01,REP024,491000,231000,6,Riya Joshi,South,<1 year
2025-04-01,REP025,7869000,4189000,97,Meera Bose,South,2-4 years
2025-04-01,REP026,4645000,1810000,33,Shreya Reddy,South,2-4 years
2025-04-01,REP027,10535000,5301000,101,Meera Malhotra,South,<1 year
2025-04-01,REP028,7151000,3024000,55,Kabir Nair,South,1-2 years
2025-04-01,REP029,12992000,6743000,132,Pooja Malhotra,South,<1 year
2025-04-01,REP030,3543000,1550000,43,Pooja Sharma,South,2-4 years
2025-04-01,REP031,12164000,5752000,79,Sanjay Singh,West,4+ years
2025-04-01,REP032,4732000,2466000,60,Vivaan Gupta,West,4+ years
2025-04-01,REP033,8556000,4105000,72,Meera Nair,West,4+ years
2025-04-01,REP034,4749000,2033000,43,Aditya Rao,West,2-4 years
2025-04-01,REP035,5284000,2000000,74,Ishaan Mehta,West,4+ years
2025-04-01,REP036,6258000,2647000,63,Aditya Verma,West,4+ years
2025-04-01,REP037,5544000,2750000,65,Riya Bose,West,2-4 years
2025-04-01,REP038,3135000,1394000,33,Arjun Rao,West,1-2 years
2025-04-01,REP039,8434000,6326000,62,Arjun Kapoor,West,1-2 years
2025-04-01,REP040,969000,371000,9,Meera Gupta,West,2-4 years
2025-04-01,REP041,7835000,3731000,86,Pooja Nair,West,4+ years
2025-04-01,REP042,2241000,1239000,35,Ishaan Iyer,West,<1 year
2025-04-01,REP043,4424000,1778000,47,Ishaan Reddy,West,1-2 years
2025-04-01,REP044,3193000,1639000,38,Shreya Rao,West,4+ years
2025-04-01,REP045,2844000,1192000,32,Aarav Mehta,West,2-4 years
2025-04-01,REP046,762000,375000,5,Ananya Malhotra,East,<1 year
2025-04-01,REP047,2252000,1525000,11,Riya Reddy,East,<1 year
2025-04-01,REP048,1781000,883000,17,Sanjay Rao,East,1-2 years
2025-04-01,REP049,3550000,1351000,44,Sanjay Joshi,East,1-2 years
2025-04-01,REP050,816000,501000,11,Ananya Nair,East,2-4 years
2025-04-01,REP051,342000,290000,5,Shreya Sharma,East,4+ years
2025-04-01,REP052,5331000,1994000,59,Shreya Kapoor,East,<1 year
2025-04-01,REP053,4701000,2447000,46,Naina Gupta,East,<1 year
2025-04-01,REP054,3771000,1078000,14,Vivaan Bose,East,4+ years
2025-04-01,REP055,2748000,798000,37,Naina Kapoor,East,4+ years
2025-04-01,REP056,4768000,3005000,19,Sneha Malhotra,East,4+ years
2025-04-01,REP057,331000,211000,5,Tanya Nair,East,4+ years
2025-04-01,REP058,3482000,1528000,45,Tanya Reddy,East,2-4 years
2025-04-01,REP059,1106000,367000,15,Ananya Patel,East,4+ years
2025-04-01,REP060,6119000,3937000,43,Ishaan Joshi,East,1-2 years
2025-05-01,REP001,5916000,3118000,47,Riya Nair,North,4+ years
2025-05-01,REP002,5384000,2745000,34,Sneha Singh,North,4+ years
2025-05-01,REP003,5356000,3386000,54,Vikram Menon,North,1-2 years
2025-05-01,REP004,12607000,6814000,89,Riya Iyer,North,2-4 years
2025-05-01,REP005,7776000,3800000,61,Arjun Joshi,North,<1 year
2025-05-01,REP006,5925000,3613000,35,Sneha Reddy,North,2-4 years
2025-05-01,REP007,11992000,5385000,120,Vikram Sharma,North,2-4 years
2025-05-01,REP008,11102000,5321000,107,Tanya Patel,North,1-2 years
2025-05-01,REP009,7647000,5203000,67,Ananya Iyer,North,1-2 years
2025-05-01,REP010,6837000,3544000,45,Shreya Malhotra,North,1-2 years
2025-05-01,REP011,3292000,1797000,40,Naina Singh,North,4+ years
2025-05-01,REP012,4637000,1479000,47,Vivaan Singh,North,<1 year
2025-05-01,REP013,5487000,3370000,55,Tanya Menon,North,4+ years
2025-05-01,REP014,2355000,1540000,26,Ishaan Sharma,North,4+ years
2025-05-01,REP015,3972000,2590000,38,Vivaan Mehta,North,4+ years
2025-05-01,REP016,2192000,860000,29,Meera Menon,South,1-2 years
2025-05-01,REP017,7284000,2975000,47,Rohan Malhotra,South,<1 year
2025-05-01,REP018,5359000,2406000,71,Pooja Menon,South,2-4 years
2025-05-01,REP019,7370000,3987000,45,Aarav Kapoor,South,4+ years
2025-05-01,REP020,10325000,6382000,93,Ananya Reddy,South,1-2 years
2025-05-01,REP021,9402000,3535000,78,Rohan Verma,South,2-4 years
2025-05-01,REP022,7752000,2659000,79,Rohan Kapoor,South,<1 year
2025-05-01,REP023,2433000,1346000,29,Naina Iyer,South,2-4 years
2025-05-01,REP024,2381000,1196000,25,Riya Joshi,South,<1 year
2025-05-01,REP025,3918000,2458000,38,Meera Bose,South,2-4 years
2025-05-01,REP026,9555000,6344000,58,Shreya Reddy,South,2-4 years
2025-05-01,REP027,7628000,4334000,54,Meera Malhotra,South,<1 year
2025-05-01,REP028,5807000,2267000,40,Kabir Nair,South,1-2 years
2025-05-01,REP029,3968000,1606000,35,Pooja Malhotra,South,<1 year
2025-05-01,REP030,5437000,2567000,48,Pooja Sharma,South,2-4 years
2025-05-01,REP031,7786000,3157000,80,Sanjay Singh,West,4+ years
2025-05-01,REP032,8011000,4096000,70,Vivaan Gupta,West,4+ years
2025-05-01,REP033,4023000,1787000,32,Meera Nair,West,4+ years
2025-05-01,REP034,5372000,2383000,61,Aditya Rao,West,2-4 years
2025-05-01,REP035,4155000,1615000,51,Ishaan Mehta,West,4+ years
2025-05-01,REP036,6005000,4002000,59,Aditya Verma,West,4+ years
2025-05-01,REP037,6731000,2731000,64,Riya Bose,West,2-4 years
2025-05-01,REP038,15446000,7139000,106,Arjun Rao,West,1-2 years
2025-05-01,REP039,5587000,2858000,58,Arjun Kapoor,West,1-2 years
2025-05-01,REP040,6663000,4397000,52,Meera Gupta,West,2-4 years
2025-05-01,REP041,11092000,5899000,134,Pooja Nair,West,4+ years
2025-05-01,REP042,3669000,1194000,49,Ishaan Iyer,West,<1 year
2025-05-01,REP043,7974000,4487000,76,Ishaan Reddy,West,1-2 years
2025-05-01,REP044,3511000,2199000,48,Shreya Rao,West,4+ years
2025-05-01,REP045,6217000,2974000,40,Aarav Mehta,West,2-4 years
2025-05-01,REP046,3278000,1600000,31,Ananya Malhotra,East,<1 year
2025-05-01,REP047,974000,378000,15,Riya Reddy,East,<1 year
2025-05-01,REP048,1265000,504000,19,Sanjay Rao,East,1-2 years
2025-05-01,REP049,2184000,1197000,21,Sanjay Joshi,East,1-2 years
2025-05-01,REP050,3927000,1608000,41,Ananya Nair,East,2-4 years
2025-05-01,REP051,757000,265000,11,Shreya Sharma,East,4+ years
2025-05-01,REP052,2238000,914000,17,Shreya Kapoor,East,<1 year
2025-05-01,REP053,2234000,1034000,23,Naina Gupta,East,<1 year
2025-05-01,REP054,5248000,2916000,46,Vivaan Bose,East,4+ years
2025-05-01,REP055,3881000,2219000,29,Naina Kapoor,East,4+ years
2025-05-01,REP056,250000,70000,5,Sneha Malhotra,East,4+ years
2025-05-01,REP057,5695000,2558000,48,Tanya Nair,East,4+ years
2025-05-01,REP058,5140000,3454000,31,Tanya Reddy,East,2-4 years
2025-05-01,REP059,3785000,1468000,40,Ananya Patel,East,4+ years
2025-05-01,REP060,2180000,848000,27,Ishaan Joshi,East,1-2 years
2025-06-01,REP001,7725000,5428000,68,Riya Nair,North,4+ years
2025-06-01,REP002,3275000,851000,16,Sneha Singh,North,4+ years
2025-06-01,REP003,747000,379000,9,Vikram Menon,North,1-2 years
2025-06-01,REP004,5286000,3407000,41,Riya Iyer,North,2-4 years
2025-06-01,REP005,2897000,1281000,22,Arjun Joshi,North,<1 year
2025-06-01,REP006,15047000,8631000,104,Sneha Reddy,North,2-4 years
2025-06-01,REP007,3349000,1239000,40,Vikram Sharma,North,2-4 years
2025-06-01,REP008,3537000,2295000,29,Tanya Patel,North,1-2 years
2025-06-01,REP009,6431000,3299000,65,Ananya Iyer,North,1-2 years
2025-06-01,REP010,8681000,4175000,114,Shreya Malhotra,North,1-2 years
2025-06-01,REP011,6987000,2775000,34,Naina Singh,North,4+ years
2025-06-01,REP012,3279000,2174000,44,Vivaan Singh,North,<1 year
2025-06-01,REP013,1768000,921000,19,Tanya Menon,North,4+ years
2025-06-01,REP014,3529000,1055000,34,Ishaan Sharma,North,4+ years
2025-06-01,REP015,3312000,1066000,27,Vivaan Mehta,North,4+ years
2025-06-01,REP016,4140000,2075000,19,Meera Menon,South,1-2 years
2025-06-01,REP017,5660000,2906000,57,Rohan Malhotra,South,<1 year
2025-06-01,REP018,3293000,1761000,27,Pooja Menon,South,2-4 years
2025-06-01,REP019,5530000,2830000,48,Aarav Kapoor,South,4+ years
2025-06-01,REP020,8244000,4397000,110,Ananya Reddy,South,1-2 years
2025-06-01,REP021,1588000,590000,16,Rohan Verma,South,2-4 years
2025-06-01,REP022,8261000,4436000,75,Rohan Kapoor,South,<1 year
2025-06-01,REP023,10496000,4972000,89,Naina Iyer,South,2-4 years
2025-06-01,REP024,7699000,3017000,76,Riya Joshi,South,<1 year
2025-06-01,REP025,8097000,3394000,76,Meera Bose,South,2-4 years
2025-06-01,REP026,4762000,1678000,59,Shreya Reddy,South,2-4 years
2025-06-01,REP027,10993000,6178000,64,Meera Malhotra,South,<1 year
2025-06-01,REP028,3589000,1424000,28,Kabir Nair,South,1-2 years
2025-06-01,REP029,5176000,1381000,48,Pooja Malhotra,South,<1 year
2025-06-01,REP030,13748000,5848000,116,Pooja Sharma,South,2-4 years
2025-06-01,REP031,4121000,2670000,23,Sanjay Singh,West,4+ years
2025-06-01,REP032,4488000,1224000,48,Vivaan Gupta,West,4+ years
2025-06-01,REP033,7378000,3926000,77,Meera Nair,West,4+ years
2025-06-01,REP034,3475000,1728000,39,Aditya Rao,West,2-4 years
2025-06-01,REP035,6676000,3507000,70,Ishaan Mehta,West,4+ years
2025-06-01,REP036,9777000,4102000,95,Aditya Verma,West,4+ years
2025-06-01,REP037,4476000,1711000,49,Riya Bose,West,2-4 years
2025-06-01,REP038,11835000,8158000,65,Arjun Rao,West,1-2 years
2025-06-01,REP039,2532000,707000,24,Arjun Kapoor,West,1-2 years
2025-06-01,REP040,2618000,1319000,17,Meera Gupta,West,2-4 years
2025-06-01,REP041,11094000,5293000,88,Pooja Nair,West,4+ years
2025-06-01,REP042,7141000,2573000,42,Ishaan Iyer,West,<1 year
2025-06-01,REP043,8069000,4511000,90,Ishaan Reddy,West,1-2 years
2025-06-01,REP044,8310000,3294000,52,Shreya Rao,West,4+ years
2025-06-01,REP045,4630000,2458000,28,Aarav Mehta,West,2-4 years
2025-06-01,REP046,1900000,719000,24,Ananya Malhotra,East,<1 year
2025-06-01,REP047,2024000,800000,15,Riya Reddy,East,<1 year
2025-06-01,REP048,1944000,647000,18,Sanjay Rao,East,1-2 years
2025-06-01,REP049,1746000,477000,27,Sanjay Joshi,East,1-2 years
2025-06-01,REP050,2761000,1416000,17,Ananya Nair,East,2-4 years
2025-06-01,REP051,1750000,1219000,15,Shreya Sharma,East,4+ years
2025-06-01,REP052,5521000,2198000,42,Shreya Kapoor,East,<1 year
2025-06-01,REP053,1570000,1008000,8,Naina Gupta,East,<1 year
2025-06-01,REP054,1487000,331000,27,Vivaan Bose,East,4+ years
2025-06-01,REP055,2100000,887000,21,Naina Kapoor,East,4+ years
2025-06-01,REP056,434000,113000,5,Sneha Malhotra,East,4+ years
2025-06-01,REP057,1941000,1084000,17,Tanya Nair,East,4+ years
2025-06-01,REP058,4990000,2323000,40,Tanya Reddy,East,2-4 years
2025-06-01,REP059,1113000,529000,18,Ananya Patel,East,4+ years
2025-06-01,REP060,4647000,2587000,25,Ishaan Joshi,East,1-2 years
2025-07-01,REP001,7735000,4082000,58,Riya Nair,North,4+ years
2025-07-01,REP002,3632000,1830000,43,Sneha Singh,North,4+ years
2025-07-01,REP003,5242000,2487000,40,Vikram Menon,North,1-2 years
2025-07-01,REP004,6565000,2636000,67,Riya Iyer,North,2-4 years
2025-07-01,REP005,6695000,1818000,70,Arjun Joshi,North,<1 year
2025-07-01,REP006,4225000,2166000,47,Sneha Reddy,North,2-4 years
2025-07-01,REP007,1296000,875000,9,Vikram Sharma,North,2-4 years
2025-07-01,REP008,9392000,4985000,82,Tanya Patel,North,1-2 years
2025-07-01,REP009,12140000,5318000,107,Ananya Iyer,North,1-2 years
2025-07-01,REP010,2454000,1270000,24,Shreya Malhotra,North,1-2 years
2025-07-01,REP011,3631000,1214000,50,Naina Singh,North,4+ years
2025-07-01,REP012,2696000,1014000,23,Vivaan Singh,North,<1 year
2025-07-01,REP013,1583000,689000,22,Tanya Menon,North,4+ years
2025-07-01,REP014,5470000,3455000,57,Ishaan Sharma,North,4+ years
2025-07-01,REP015,7483000,4437000,49,Vivaan Mehta,North,4+ years
2025-07-01,REP016,5453000,2861000,71,Meera Menon,South,1-2 years
2025-07-01,REP017,6210000,2499000,49,Rohan Malhotra,South,<1 year
2025-07-01,REP018,8743000,6010000,62,Pooja Menon,South,2-4 years
2025-07-01,REP019,4461000,2653000,59,Aarav Kapoor,South,4+ years
2025-07-01,REP020,8519000,4055000,69,Ananya Reddy,South,1-2 years
2025-07-01,REP021,8719000,3049000,89,Rohan Verma,South,2-4 years
2025-07-01,REP022,8161000,2845000,72,Rohan Kapoor,South,<1 year
2025-07-01,REP023,4819000,2660000,31,Naina Iyer,South,2-4 years
2025-07-01,REP024,6962000,4001000,55,Riya Joshi,South,<1 year
2025-07-01,REP025,2905000,1476000,27,Meera Bose,South,2-4 years
2025-07-01,REP026,7388000,4385000,45,Shreya Reddy,South,2-4 years
2025-07-01,REP027,2837000,1113000,25,Meera Malhotra,South,<1 year
2025-07-01,REP028,5414000,3161000,63,Kabir Nair,South,1-2 years
2025-07-01,REP029,2054000,1104000,25,Pooja Malhotra,South,<1 year
2025-07-01,REP030,4055000,2478000,51,Pooja Sharma,South,2-4 years
2025-07-01,REP031,6632000,4492000,64,Sanjay Singh,West,4+ years
2025-07-01,REP032,7712000,3264000,73,Vivaan Gupta,West,4+ years
2025-07-01,REP033,8076000,3689000,48,Meera Nair,West,4+ years
2025-07-01,REP034,4763000,2918000,49,Aditya Rao,West,2-4 years
2025-07-01,REP035,4270000,2103000,56,Ishaan Mehta,West,4+ years
2025-07-01,REP036,5763000,2940000,36,Aditya Verma,West,4+ years
2025-07-01,REP037,5108000,2682000,39,Riya Bose,West,2-4 years
2025-07-01,REP038,5026000,1828000,53,Arjun Rao,West,1-2 years
2025-07-01,REP039,4287000,1440000,22,Arjun Kapoor,West,1-2 years
2025-07-01,REP040,8618000,3814000,70,Meera Gupta,West,2-4 years
2025-07-01,REP041,3357000,2114000,32,Pooja Nair,West,4+ years
2025-07-01,REP042,11349000,4363000,79,Ishaan Iyer,West,<1 year
2025-07-01,REP043,1653000,915000,17,Ishaan Reddy,West,1-2 years
2025-07-01,REP044,250000,70000,5,Shreya Rao,West,4+ years
2025-07-01,REP045,4567000,1612000,40,Aarav Mehta,West,2-4 years
2025-07-01,REP046,4248000,1881000,35,Ananya Malhotra,East,<1 year
2025-07-01,REP047,1793000,796000,8,Riya Reddy,East,<1 year
2025-07-01,REP048,4213000,1634000,35,Sanjay Rao,East,1-2 years
2025-07-01,REP049,4627000,1655000,54,Sanjay Joshi,East,1-2 years
2025-07-01,REP050,1969000,925000,20,Ananya Nair,East,2-4 years
2025-07-01,REP051,783000,326000,8,Shreya Sharma,East,4+ years
2025-07-01,REP052,10178000,6161000,81,Shreya Kapoor,East,<1 year
2025-07-01,REP053,4079000,1457000,39,Naina Gupta,East,<1 year
2025-07-01,REP054,3186000,1193000,27,Vivaan Bose,East,4+ years
2025-07-01,REP055,618000,137000,5,Naina Kapoor,East,4+ years
2025-07-01,REP056,5757000,3286000,41,Sneha Malhotra,East,4+ years
2025-07-01,REP057,5857000,1938000,35,Tanya Nair,East,4+ years
2025-07-01,REP058,4540000,1757000,29,Tanya Reddy,East,2-4 years
2025-07-01,REP059,2424000,1379000,19,Ananya Patel,East,4+ years
2025-07-01,REP060,800000,456000,8,Ishaan Joshi,East,1-2 years
2025-08-01,REP001,3740000,2508000,26,Riya Nair,North,4+ years
2025-08-01,REP002,6107000,1989000,50,Sneha Singh,North,4+ years
2025-08-01,REP003,11369000,7101000,66,Vikram Menon,North,1-2 years
2025-08-01,REP004,5280000,3190000,56,Riya Iyer,North,2-4 years
2025-08-01,REP005,6510000,2447000,62,Arjun Joshi,North,<1 year
2025-08-01,REP006,4760000,2500000,42,Sneha Reddy,North,2-4 years
2025-08-01,REP007,7960000,4547000,75,Vikram Sharma,North,2-4 years
2025-08-01,REP008,3705000,1353000,51,Tanya Patel,North,1-2 years
2025-08-01,REP009,4923000,1182000,35,Ananya Iyer,North,1-2 years
2025-08-01,REP010,6050000,3655000,48,Shreya Malhotra,North,1-2 years
2025-08-01,REP011,4571000,1890000,41,Naina Singh,North,4+ years
2025-08-01,REP012,6609000,3338000,43,Vivaan Singh,North,<1 year
2025-08-01,REP013,5392000,1656000,44,Tanya Menon,North,4+ years
2025-08-01,REP014,782000,454000,8,Ishaan Sharma,North,4+ years
2025-08-01,REP015,4632000,2313000,35,Vivaan Mehta,North,4+ years
2025-08-01,REP016,7398000,3370000,63,Meera Menon,South,1-2 years
2025-08-01,REP017,2625000,1111000,29,Rohan Malhotra,South,<1 year
2025-08-01,REP018,11590000,6142000,119,Pooja Menon,South,2-4 years
2025-08-01,REP019,9885000,5202000,86,Aarav Kapoor,South,4+ years
2025-08-01,REP020,9602000,5549000,96,Ananya Reddy,South,1-2 years
2025-08-01,REP021,6263000,2467000,72,Rohan Verma,South,2-4 years
2025-08-01,REP022,9122000,4503000,70,Rohan Kapoor,South,<1 year
2025-08-01,REP023,5717000,2299000,50,Naina Iyer,South,2-4 years
2025-08-01,REP024,7357000,3530000,70,Riya Joshi,South,<1 year
2025-08-01,REP025,6184000,3461000,55,Meera Bose,South,2-4 years
2025-08-01,REP026,2713000,1542000,26,Shreya Reddy,South,2-4 years
2025-08-01,REP027,6261000,4058000,55,Meera Malhotra,South,<1 year
2025-08-01,REP028,7125000,2872000,70,Kabir Nair,South,1-2 years
2025-08-01,REP029,6436000,3521000,75,Pooja Malhotra,South,<1 year
2025-08-01,REP030,4323000,2170000,49,Pooja Sharma,South,2-4 years
2025-08-01,REP031,4743000,1863000,35,Sanjay Singh,West,4+ years
2025-08-01,REP032,5351000,1929000,38,Vivaan Gupta,West,4+ years
2025-08-01,REP033,3412000,1509000,17,Meera Nair,West,4+ years
2025-08-01,REP034,2237000,1419000,18,Aditya Rao,West,2-4 years
2025-08-01,REP035,10138000,4803000,81,Ishaan Mehta,West,4+ years
2025-08-01,REP036,3628000,2041000,32,Aditya Verma,West,4+ years
2025-08-01,REP037,5362000,2100000,59,Riya Bose,West,2-4 years
2025-08-01,REP038,5736000,2639000,40,Arjun Rao,West,1-2 years
2025-08-01,REP039,13279000,5928000,99,Arjun Kapoor,West,1-2 years
2025-08-01,REP040,10492000,3993000,105,Meera Gupta,West,2-4 years
2025-08-01,REP041,4624000,1910000,46,Pooja Nair,West,4+ years
2025-08-01,REP042,2885000,1312000,21,Ishaan Iyer,West,<1 year
2025-08-01,REP043,6225000,2399000,64,Ishaan Reddy,West,1-2 years
2025-08-01,REP044,7608000,4452000,96,Shreya Rao,West,4+ years
2025-08-01,REP045,2404000,1543000,26,Aarav Mehta,West,2-4 years
2025-08-01,REP046,1526000,739000,24,Ananya Malhotra,East,<1 year
2025-08-01,REP047,1314000,753000,15,Riya Reddy,East,<1 year
2025-08-01,REP048,4078000,2184000,30,Sanjay Rao,East,1-2 years
2025-08-01,REP049,2900000,1432000,49,Sanjay Joshi,East,1-2 years
2025-08-01,REP050,2537000,1250000,20,Ananya Nair,East,2-4 years
2025-08-01,REP051,3693000,1083000,33,Shreya Sharma,East,4+ years
2025-08-01,REP052,3487000,853000,32,Shreya Kapoor,East,<1 year
2025-08-01,REP053,5180000,3410000,38,Naina Gupta,East,<1 year
2025-08-01,REP054,6044000,3170000,70,Vivaan Bose,East,4+ years
2025-08-01,REP055,1059000,569000,10,Naina Kapoor,East,4+ years
2025-08-01,REP056,4697000,1466000,18,Sneha Malhotra,East,4+ years
2025-08-01,REP057,1749000,537000,7,Tanya Nair,East,4+ years
2025-08-01,REP058,497000,112000,5,Tanya Reddy,East,2-4 years
2025-08-01,REP059,2180000,1468000,27,Ananya Patel,East,4+ years
2025-08-01,REP060,2410000,1613000,11,Ishaan Joshi,East,1-2 years
2025-09-01,REP001,5481000,2183000,33,Riya Nair,North,4+ years
2025-09-01,REP002,5259000,2759000,40,Sneha Singh,North,4+ years
2025-09-01,REP003,5355000,1700000,36,Vikram Menon,North,1-2 years
2025-09-01,REP004,4146000,2731000,18,Riya Iyer,North,2-4 years
2025-09-01,REP005,2520000,1450000,14,Arjun Joshi,North,<1 year
2025-09-01,REP006,5861000,3032000,48,Sneha Reddy,North,2-4 years
2025-09-01,REP007,8290000,3746000,66,Vikram Sharma,North,2-4 years
2025-09-01,REP008,6095000,2754000,32,Tanya Patel,North,1-2 years
2025-09-01,REP009,1359000,912000,11,Ananya Iyer,North,1-2 years
2025-09-01,REP010,9298000,5709000,58,Shreya Malhotra,North,1-2 years
2025-09-01,REP011,5961000,2533000,34,Naina Singh,North,4+ years
2025-09-01,REP012,8510000,3688000,85,Vivaan Singh,North,<1 year
2025-09-01,REP013,6714000,3285000,47,Tanya Menon,North,4+ years
2025-09-01,REP014,3622000,1533000,32,Ishaan Sharma,North,4+ years
2025-09-01,REP015,5100000,2348000,30,Vivaan Mehta,North,4+ years
2025-09-01,REP016,4939000,2021000,60,Meera Menon,South,1-2 years
2025-09-01,REP017,5387000,2742000,59,Rohan Malhotra,South,<1 year
2025-09-01,REP018,9519000,5790000,97,Pooja Menon,South,2-4 years
2025-09-01,REP019,4395000,1952000,49,Aarav Kapoor,South,4+ years
2025-09-01,REP020,3657000,2073000,49,Ananya Reddy,South,1-2 years
2025-09-01,REP021,6869000,3823000,71,Rohan Verma,South,2-4 years
2025-09-01,REP022,19271000,11067000,153,Rohan Kapoor,South,<1 year
2025-09-01,REP023,7102000,3021000,63,Naina Iyer,South,2-4 years
2025-09-01,REP024,5902000,2630000,33,Riya Joshi,South,<1 year
2025-09-01,REP025,3890000,1426000,23,Meera Bose,South,2-4 years
2025-09-01,REP026,3974000,2020000,42,Shreya Reddy,South,2-4 years
2025-09-01,REP027,2983000,1780000,23,Meera Malhotra,South,<1 year
2025-09-01,REP028,7345000,3915000,75,Kabir Nair,South,1-2 years
2025-09-01,REP029,3939000,3090000,33,Pooja Malhotra,South,<1 year
2025-09-01,REP030,7773000,4888000,58,Pooja Sharma,South,2-4 years
2025-09-01,REP031,9509000,4565000,97,Sanjay Singh,West,4+ years
2025-09-01,REP032,8831000,5169000,88,Vivaan Gupta,West,4+ years
2025-09-01,REP033,5788000,3260000,43,Meera Nair,West,4+ years
2025-09-01,REP034,6097000,3006000,45,Aditya Rao,West,2-4 years
2025-09-01,REP035,7297000,3581000,76,Ishaan Mehta,West,4+ years
2025-09-01,REP036,6556000,3897000,32,Aditya Verma,West,4+ years
2025-09-01,REP037,8526000,4358000,63,Riya Bose,West,2-4 years
2025-09-01,REP038,7110000,3627000,76,Arjun Rao,West,1-2 years
2025-09-01,REP039,4268000,1211000,45,Arjun Kapoor,West,1-2 years
2025-09-01,REP040,6698000,3179000,70,Meera Gupta,West,2-4 years
2025-09-01,REP041,12908000,4554000,123,Pooja Nair,West,4+ years
2025-09-01,REP042,6311000,3131000,75,Ishaan Iyer,West,<1 year
2025-09-01,REP043,2433000,1669000,36,Ishaan Reddy,West,1-2 years
2025-09-01,REP044,4649000,1857000,45,Shreya Rao,West,4+ years
2025-09-01,REP045,6766000,3377000,72,Aarav Mehta,West,2-4 years
2025-09-01,REP046,3762000,2255000,25,Ananya Malhotra,East,<1 year
2025-09-01,REP047,1507000,955000,15,Riya Reddy,East,<1 year
2025-09-01,REP048,3706000,2081000,32,Sanjay Rao,East,1-2 years
2025-09-01,REP049,5066000,2333000,59,Sanjay Joshi,East,1-2 years
2025-09-01,REP050,4163000,1450000,51,Ananya Nair,East,2-4 years
2025-09-01,REP051,1795000,919000,14,Shreya Sharma,East,4+ years
2025-09-01,REP052,4177000,2078000,35,Shreya Kapoor,East,<1 year
2025-09-01,REP053,4546000,2557000,30,Naina Gupta,East,<1 year
2025-09-01,REP054,8778000,4474000,50,Vivaan Bose,East,4+ years
2025-09-01,REP055,2057000,704000,27,Naina Kapoor,East,4+ years
2025-09-01,REP056,1781000,1017000,20,Sneha Malhotra,East,4+ years
2025-09-01,REP057,3631000,1637000,35,Tanya Nair,East,4+ years
2025-09-01,REP058,3732000,1827000,67,Tanya Reddy,East,2-4 years
2025-09-01,REP059,2772000,876000,38,Ananya Patel,East,4+ years
2025-09-01,REP060,5301000,2066000,45,Ishaan Joshi,East,1-2 years
2025-10-01,REP001,3363000,1961000,27,Riya Nair,North,4+ years
2025-10-01,REP002,12018000,6944000,98,Sneha Singh,North,4+ years
2025-10-01,REP003,3147000,1029000,35,Vikram Menon,North,1-2 years
2025-10-01,REP004,9937000,5005000,74,Riya Iyer,North,2-4 years
2025-10-01,REP005,9602000,5474000,120,Arjun Joshi,North,<1 year
2025-10-01,REP006,11893000,5862000,166,Sneha Reddy,North,2-4 years
2025-10-01,REP007,12058000,6746000,113,Vikram Sharma,North,2-4 years
2025-10-01,REP008,3076000,1693000,31,Tanya Patel,North,1-2 years
2025-10-01,REP009,5747000,3098000,42,Ananya Iyer,North,1-2 years
2025-10-01,REP010,10181000,3970000,78,Shreya Malhotra,North,1-2 years
2025-10-01,REP011,7578000,4140000,33,Naina Singh,North,4+ years
2025-10-01,REP012,3389000,2085000,41,Vivaan Singh,North,<1 year
2025-10-01,REP013,10135000,5146000,100,Tanya Menon,North,4+ years
2025-10-01,REP014,14855000,8871000,111,Ishaan Sharma,North,4+ years
2025-10-01,REP015,11182000,4831000,79,Vivaan Mehta,North,4+ years
2025-10-01,REP016,10042000,4528000,104,Meera Menon,South,1-2 years
2025-10-01,REP017,8597000,3630000,69,Rohan Malhotra,South,<1 year
2025-10-01,REP018,15249000,7190000,77,Pooja Menon,South,2-4 years
2025-10-01,REP019,4743000,1870000,63,Aarav Kapoor,South,4+ years
2025-10-01,REP020,3030000,1569000,29,Ananya Reddy,South,1-2 years
2025-10-01,REP021,3254000,1358000,38,Rohan Verma,South,2-4 years
2025-10-01,REP022,12474000,7013000,133,Rohan Kapoor,South,<1 year
2025-10-01,REP023,11017000,4806000,90,Naina Iyer,South,2-4 years
2025-10-01,REP024,6028000,1855000,52,Riya Joshi,South,<1 year
2025-10-01,REP025,5583000,2462000,53,Meera Bose,South,2-4 years
2025-10-01,REP026,13025000,7310000,114,Shreya Reddy,South,2-4 years
2025-10-01,REP027,10643000,4368000,94,Meera Malhotra,South,<1 year
2025-10-01,REP028,11244000,4645000,89,Kabir Nair,South,1-2 years
2025-10-01,REP029,8169000,3180000,55,Pooja Malhotra,South,<1 year
2025-10-01,REP030,8993000,4047000,66,Pooja Sharma,South,2-4 years
2025-10-01,REP031,6343000,3587000,60,Sanjay Singh,West,4+ years
2025-10-01,REP032,11250000,5948000,96,Vivaan Gupta,West,4+ years
2025-10-01,REP033,6262000,4157000,62,Meera Nair,West,4+ years
2025-10-01,REP034,2111000,532000,29,Aditya Rao,West,2-4 years
2025-10-01,REP035,13821000,6719000,91,Ishaan Mehta,West,4+ years
2025-10-01,REP036,9351000,5883000,82,Aditya Verma,West,4+ years
2025-10-01,REP037,10418000,4699000,87,Riya Bose,West,2-4 years
2025-10-01,REP038,621000,248000,5,Arjun Rao,West,1-2 years
2025-10-01,REP039,15360000,7029000,102,Arjun Kapoor,West,1-2 years
2025-10-01,REP040,7045000,3911000,77,Meera Gupta,West,2-4 years
2025-10-01,REP041,7304000,3707000,75,Pooja Nair,West,4+ years
2025-10-01,REP042,7423000,3657000,108,Ishaan Iyer,West,<1 year
2025-10-01,REP043,2858000,1664000,41,Ishaan Reddy,West,1-2 years
2025-10-01,REP044,10302000,3987000,89,Shreya Rao,West,4+ years
2025-10-01,REP045,14477000,8080000,133,Aarav Mehta,West,2-4 years
2025-10-01,REP046,9353000,4301000,80,Ananya Malhotra,East,<1 year
2025-10-01,REP047,7602000,2660000,39,Riya Reddy,East,<1 year
2025-10-01,REP048,1744000,739000,10,Sanjay Rao,East,1-2 years
2025-10-01,REP049,3999000,1290000,49,Sanjay Joshi,East,1-2 years
2025-10-01,REP050,5052000,2982000,24,Ananya Nair,East,2-4 years
2025-10-01,REP051,4090000,2178000,30,Shreya Sharma,East,4+ years
2025-10-01,REP052,5301000,2442000,53,Shreya Kapoor,East,<1 year
2025-10-01,REP053,5609000,3052000,47,Naina Gupta,East,<1 year
2025-10-01,REP054,9952000,3308000,76,Vivaan Bose,East,4+ years
2025-10-01,REP055,1834000,510000,13,Naina Kapoor,East,4+ years
2025-10-01,REP056,1831000,914000,15,Sneha Malhotra,East,4+ years
2025-10-01,REP057,2500000,838000,33,Tanya Nair,East,4+ years
2025-10-01,REP058,2152000,907000,26,Tanya Reddy,East,2-4 years
2025-10-01,REP059,4021000,2666000,24,Ananya Patel,East,4+ years
2025-10-01,REP060,8675000,3901000,113,Ishaan Joshi,East,1-2 years
2025-11-01,REP001,12492000,6411000,92,Riya Nair,North,4+ years
2025-11-01,REP002,5121000,2845000,48,Sneha Singh,North,4+ years
2025-11-01,REP003,3817000,2269000,31,Vikram Menon,North,1-2 years
2025-11-01,REP004,4436000,1945000,47,Riya Iyer,North,2-4 years
2025-11-01,REP005,2458000,1440000,17,Arjun Joshi,North,<1 year
2025-11-01,REP006,6308000,3019000,71,Sneha Reddy,North,2-4 years
2025-11-01,REP007,6834000,3096000,68,Vikram Sharma,North,2-4 years
2025-11-01,REP008,11958000,5864000,85,Tanya Patel,North,1-2 years
2025-11-01,REP009,18683000,8848000,155,Ananya Iyer,North,1-2 years
2025-11-01,REP010,6288000,2591000,42,Shreya Malhotra,North,1-2 years
2025-11-01,REP011,14918000,6461000,158,Naina Singh,North,4+ years
2025-11-01,REP012,3698000,2117000,46,Vivaan Singh,North,<1 year
2025-11-01,REP013,5207000,1560000,51,Tanya Menon,North,4+ years
2025-11-01,REP014,5482000,2695000,47,Ishaan Sharma,North,4+ years
2025-11-01,REP015,1794000,1143000,18,Vivaan Mehta,North,4+ years
2025-11-01,REP016,11583000,4715000,92,Meera Menon,South,1-2 years
2025-11-01,REP017,7959000,3372000,65,Rohan Malhotra,South,<1 year
2025-11-01,REP018,7741000,3923000,68,Pooja Menon,South,2-4 years
2025-11-01,REP019,12456000,7641000,119,Aarav Kapoor,South,4+ years
2025-11-01,REP020,11652000,4469000,96,Ananya Reddy,South,1-2 years
2025-11-01,REP021,9349000,3749000,102,Rohan Verma,South,2-4 years
2025-11-01,REP022,8472000,3359000,82,Rohan Kapoor,South,<1 year
2025-11-01,REP023,7444000,2400000,57,Naina Iyer,South,2-4 years
2025-11-01,REP024,7763000,3322000,84,Riya Joshi,South,<1 year
2025-11-01,REP025,7084000,2840000,48,Meera Bose,South,2-4 years
2025-11-01,REP026,8424000,3492000,60,Shreya Reddy,South,2-4 years
2025-11-01,REP027,2499000,1889000,23,Meera Malhotra,South,<1 year
2025-11-01,REP028,7519000,3911000,57,Kabir Nair,South,1-2 years
2025-11-01,REP029,9764000,4784000,94,Pooja Malhotra,South,<1 year
2025-11-01,REP030,5316000,3015000,53,Pooja Sharma,South,2-4 years
2025-11-01,REP031,3169000,1551000,39,Sanjay Singh,West,4+ years
2025-11-01,REP032,15469000,6519000,138,Vivaan Gupta,West,4+ years
2025-11-01,REP033,5240000,3125000,32,Meera Nair,West,4+ years
2025-11-01,REP034,4045000,2241000,51,Aditya Rao,West,2-4 years
2025-11-01,REP035,5460000,2726000,45,Ishaan Mehta,West,4+ years
2025-11-01,REP036,4916000,2260000,33,Aditya Verma,West,4+ years
2025-11-01,REP037,5733000,3051000,69,Riya Bose,West,2-4 years
2025-11-01,REP038,9488000,5402000,78,Arjun Rao,West,1-2 years
2025-11-01,REP039,11219000,5575000,92,Arjun Kapoor,West,1-2 years
2025-11-01,REP040,2570000,1920000,14,Meera Gupta,West,2-4 years
2025-11-01,REP041,14808000,6408000,112,Pooja Nair,West,4+ years
2025-11-01,REP042,3031000,2000000,20,Ishaan Iyer,West,<1 year
2025-11-01,REP043,8231000,4739000,68,Ishaan Reddy,West,1-2 years
2025-11-01,REP044,10294000,5206000,95,Shreya Rao,West,4+ years
2025-11-01,REP045,6464000,3269000,70,Aarav Mehta,West,2-4 years
2025-11-01,REP046,2130000,850000,26,Ananya Malhotra,East,<1 year
2025-11-01,REP047,1878000,823000,17,Riya Reddy,East,<1 year
2025-11-01,REP048,250000,112000,5,Sanjay Rao,East,1-2 years
2025-11-01,REP049,5379000,1999000,44,Sanjay Joshi,East,1-2 years
2025-11-01,REP050,2902000,1197000,22,Ananya Nair,East,2-4 years
2025-11-01,REP051,8229000,3626000,73,Shreya Sharma,East,4+ years
2025-11-01,REP052,1375000,510000,9,Shreya Kapoor,East,<1 year
2025-11-01,REP053,4632000,2004000,47,Naina Gupta,East,<1 year
2025-11-01,REP054,6886000,4025000,53,Vivaan Bose,East,4+ years
2025-11-01,REP055,4557000,2059000,28,Naina Kapoor,East,4+ years
2025-11-01,REP056,1681000,933000,7,Sneha Malhotra,East,4+ years
2025-11-01,REP057,1034000,532000,17,Tanya Nair,East,4+ years
2025-11-01,REP058,443000,247000,5,Tanya Reddy,East,2-4 years
2025-11-01,REP059,3563000,1529000,24,Ananya Patel,East,4+ years
2025-11-01,REP060,4281000,1023000,36,Ishaan Joshi,East,1-2 years
2025-12-01,REP001,9736000,4463000,86,Riya Nair,North,4+ years
2025-12-01,REP002,9431000,4192000,67,Sneha Singh,North,4+ years
2025-12-01,REP003,7390000,3570000,79,Vikram Menon,North,1-2 years
2025-12-01,REP004,8455000,3970000,42,Riya Iyer,North,2-4 years
2025-12-01,REP005,3872000,2147000,33,Arjun Joshi,North,<1 year
2025-12-01,REP006,19429000,9977000,171,Sneha Reddy,North,2-4 years
2025-12-01,REP007,17495000,7114000,146,Vikram Sharma,North,2-4 years
2025-12-01,REP008,12412000,5388000,88,Tanya Patel,North,1-2 years
2025-12-01,REP009,8930000,4492000,72,Ananya Iyer,North,1-2 years
2025-12-01,REP010,6963000,3395000,64,Shreya Malhotra,North,1-2 years
2025-12-01,REP011,11883000,5574000,109,Naina Singh,North,4+ years
2025-12-01,REP012,9463000,5291000,91,Vivaan Singh,North,<1 year
2025-12-01,REP013,10225000,5095000,103,Tanya Menon,North,4+ years
2025-12-01,REP014,7228000,3618000,60,Ishaan Sharma,North,4+ years
2025-12-01,REP015,6003000,3211000,54,Vivaan Mehta,North,4+ years
2025-12-01,REP016,8520000,3632000,87,Meera Menon,South,1-2 years
2025-12-01,REP017,13756000,6543000,94,Rohan Malhotra,South,<1 year
2025-12-01,REP018,21898000,9425000,140,Pooja Menon,South,2-4 years
2025-12-01,REP019,13309000,5212000,104,Aarav Kapoor,South,4+ years
2025-12-01,REP020,10572000,4940000,87,Ananya Reddy,South,1-2 years
2025-12-01,REP021,5485000,2724000,62,Rohan Verma,South,2-4 years
2025-12-01,REP022,4296000,1325000,32,Rohan Kapoor,South,<1 year
2025-12-01,REP023,8914000,4466000,90,Naina Iyer,South,2-4 years
2025-12-01,REP024,8193000,2512000,80,Riya Joshi,South,<1 year
2025-12-01,REP025,8211000,4394000,82,Meera Bose,South,2-4 years
2025-12-01,REP026,6353000,3752000,69,Shreya Reddy,South,2-4 years
2025-12-01,REP027,6538000,3751000,66,Meera Malhotra,South,<1 year
2025-12-01,REP028,10412000,4387000,118,Kabir Nair,South,1-2 years
2025-12-01,REP029,12492000,6726000,127,Pooja Malhotra,South,<1 year
2025-12-01,REP030,13785000,6840000,131,Pooja Sharma,South,2-4 years
2025-12-01,REP031,4422000,2523000,43,Sanjay Singh,West,4+ years
2025-12-01,REP032,12725000,5412000,82,Vivaan Gupta,West,4+ years
2025-12-01,REP033,3146000,2135000,43,Meera Nair,West,4+ years
2025-12-01,REP034,8898000,4099000,68,Aditya Rao,West,2-4 years
2025-12-01,REP035,5485000,2602000,74,Ishaan Mehta,West,4+ years
2025-12-01,REP036,17130000,7984000,153,Aditya Verma,West,4+ years
2025-12-01,REP037,6366000,3377000,56,Riya Bose,West,2-4 years
2025-12-01,REP038,8866000,4377000,60,Arjun Rao,West,1-2 years
2025-12-01,REP039,23349000,12687000,179,Arjun Kapoor,West,1-2 years
2025-12-01,REP040,9624000,4938000,89,Meera Gupta,West,2-4 years
2025-12-01,REP041,8219000,3374000,71,Pooja Nair,West,4+ years
2025-12-01,REP042,5867000,3120000,27,Ishaan Iyer,West,<1 year
2025-12-01,REP043,11883000,5118000,101,Ishaan Reddy,West,1-2 years
2025-12-01,REP044,1832000,988000,22,Shreya Rao,West,4+ years
2025-12-01,REP045,10498000,5262000,87,Aarav Mehta,West,2-4 years
2025-12-01,REP046,2652000,1142000,21,Ananya Malhotra,East,<1 year
2025-12-01,REP047,5240000,1632000,62,Riya Reddy,East,<1 year
2025-12-01,REP048,8114000,3544000,61,Sanjay Rao,East,1-2 years
2025-12-01,REP049,7602000,4105000,60,Sanjay Joshi,East,1-2 years
2025-12-01,REP050,3406000,1707000,24,Ananya Nair,East,2-4 years
2025-12-01,REP051,1377000,324000,28,Shreya Sharma,East,4+ years
2025-12-01,REP052,7585000,4455000,101,Shreya Kapoor,East,<1 year
2025-12-01,REP053,3613000,1970000,30,Naina Gupta,East,<1 year
2025-12-01,REP054,1587000,793000,13,Vivaan Bose,East,4+ years
2025-12-01,REP055,3941000,1972000,49,Naina Kapoor,East,4+ years
2025-12-01,REP056,4696000,2069000,53,Sneha Malhotra,East,4+ years
2025-12-01,REP057,16253000,9031000,83,Tanya Nair,East,4+ years
2025-12-01,REP058,5435000,1970000,57,Tanya Reddy,East,2-4 years
2025-12-01,REP059,9563000,4641000,72,Ananya Patel,East,4+ years
2025-12-01,REP060,3443000,1134000,32,Ishaan Joshi,East,1-2 years
